"campaignid","sample","depth","multibeam_derivatives_depth","multibeam_derivatives_detrended","multibeam_derivatives_roughness","multibeam_derivatives_tpi","longitude","latitude"
"2020-06_south-west_stereo-BRUVs","01",46.7,47.5100517272949,-3.05923080444336,0.247932434082031,0.0394201278686523,309192.806314843,6221651.55744203
"2020-06_south-west_stereo-BRUVs","02",44.4,45.3168601989746,-0.635611057281494,0.549392700195312,-0.0507688522338867,308998.466733223,6222011.87490384
"2020-06_south-west_stereo-BRUVs","03",39.3,40.1455345153809,4.42871284484863,0.851966857910156,0.064997673034668,308735.215012736,6221830.11464205
"2020-06_south-west_stereo-BRUVs","04",44.1,45.5257377624512,-0.741800963878632,0.084136962890625,-0.017608642578125,308208.320937152,6222293.38836105
"2020-06_south-west_stereo-BRUVs","05",44.1,44.2237167358398,-0.210240468382835,0.104545593261719,-0.00629901885986328,307805.573564488,6221301.79083203
"2020-06_south-west_stereo-BRUVs","06",43.2,44.1506042480469,-0.334762245416641,0.0869369506835938,0.0383377075195312,307499.844897384,6221146.3093809
"2020-06_south-west_stereo-BRUVs","07",43.9,44.3742065429688,-0.7146897315979,0.0819549560546875,0.0483169555664062,307304.646826375,6220928.28371119
"2020-06_south-west_stereo-BRUVs","08",39.6,40.8592147827148,3.09546518325806,2.29771423339844,0.203677177429199,307431.978520989,6221532.15156407
"2020-06_south-west_stereo-BRUVs","09",43.8,44.8111610412598,0.0762853920459747,0.275650024414062,0.0422525405883789,307810.969418634,6222628.46592351
"2020-06_south-west_stereo-BRUVs","10",45.7,46.9101142883301,-1.74808394908905,0.40460205078125,-0.197183609008789,308043.871323845,6222882.52934147
"2020-06_south-west_stereo-BRUVs","11",45.08,46.7746543884277,-1.57351052761078,0.731025695800781,-0.313568115234375,308448.469462194,6222839.95129377
"2020-06_south-west_stereo-BRUVs","12",40.1,40.0104179382324,4.22054624557495,0.604652404785156,0.0883245468139648,308987.075107494,6221240.96373399
"2020-06_south-west_stereo-BRUVs","13",45.2,47.9796333312988,-3.52039289474487,1.82479858398438,-0.585522651672363,309163.267782787,6221661.27726364
"2020-06_south-west_stereo-BRUVs","14",35,36.6812629699707,7.78626346588135,1.54984283447266,0.279417991638184,308693.529965027,6221665.61152813
"2020-06_south-west_stereo-BRUVs","15",43,43.6969909667969,0.454592138528824,1.52138900756836,0.217276096343994,307289.774233884,6222010.78309799
"2020-06_south-west_stereo-BRUVs","16",40.9,43.6069946289062,0.238640815019608,1.51216888427734,-0.156041145324707,306944.521525915,6221874.00359226
"2020-06_south-west_stereo-BRUVs","17",40.2,41.7855033874512,2.35744142532349,1.15875244140625,-0.0351438522338867,308275.272383948,6221239.8052319
"2020-06_south-west_stereo-BRUVs","18",35.8,36.1700019836426,8.2594518661499,0.160324096679688,0.0156421661376953,308567.015196806,6221629.97538132
"2020-06_south-west_stereo-BRUVs","20",51.7,52.7091331481934,-0.865447521209717,0.284317016601562,0.017085075378418,298992.820286443,6221259.51354835
"2020-06_south-west_stereo-BRUVs","21",52.4,52.697193145752,-0.413587629795074,0.106849670410156,0.0519075393676758,298731.050803238,6221483.38711209
"2020-06_south-west_stereo-BRUVs","22",51.9,52.7611961364746,-1.48668217658997,0.104042053222656,-0.0402908325195312,298920.656870227,6221696.04591103
"2020-06_south-west_stereo-BRUVs","23",51.3,52.6974487304688,-1.02353966236115,0.427932739257812,-0.0724945068359375,298681.967105414,6221918.8583683
"2020-06_south-west_stereo-BRUVs","24",49.8,50.2286071777344,-0.999423623085022,0.12078857421875,0.0322103500366211,299534.68607289,6222544.89504071
"2020-06_south-west_stereo-BRUVs","25",48.4,49.648567199707,-0.677209794521332,0.108329772949219,-0.0386896133422852,299717.435690178,6222760.71762988
"2020-06_south-west_stereo-BRUVs","26",48.4,50.0654983520508,-1.14881646633148,0.753036499023438,-0.16911792755127,299770.809047053,6222312.24245458
"2020-06_south-west_stereo-BRUVs","27",47.8,48.0413131713867,0.340441584587097,0.127120971679688,0.03167724609375,300141.165000631,6222215.47598827
"2020-06_south-west_stereo-BRUVs","28",44.7,44.7377052307129,0.909236192703247,0.205703735351562,-0.000947952270507812,301894.991278002,6223240.95836109
"2020-06_south-west_stereo-BRUVs","29",43,44.6926383972168,0.304968804121017,0.160720825195312,-0.0751552581787109,302214.613150341,6223450.95082489
"2020-06_south-west_stereo-BRUVs","30",42.9,44.4381370544434,-0.087348461151123,0.311714172363281,0.0248928070068359,302568.6241558,6223346.31054203
"2020-06_south-west_stereo-BRUVs","31",44.4,44.3110618591309,-0.114306300878525,0.524703979492188,0.156302452087402,302695.612237171,6222914.79426326
"2020-06_south-west_stereo-BRUVs","32",43.2,44.302303314209,0.0934831723570824,0.164230346679688,-0.0683135986328125,302760.775155354,6221355.09428165
"2020-06_south-west_stereo-BRUVs","33",43.6,44.1498832702637,0.219721555709839,0.1409912109375,-0.0417184829711914,302916.213263844,6221026.47538642
"2020-06_south-west_stereo-BRUVs","34",42.7,44.3239402770996,-0.445964187383652,0.0564498901367188,0.00509548187255859,303221.433468673,6221225.15160089
"2020-06_south-west_stereo-BRUVs","35",43.8,43.8144645690918,-0.0227024182677269,0.398300170898438,0.00977420806884766,303533.356270605,6220846.97867867
"2020-06_south-west_stereo-BRUVs","36",42.2,42.7118148803711,0.233038991689682,0.36419677734375,-0.204766273498535,304345.592412706,6221342.90071892
"2020-06_south-west_stereo-BRUVs","37",41.2,43.0062637329102,-0.215008959174156,0.123008728027344,-0.0218620300292969,304398.237368144,6221802.24567909
"2020-06_south-west_stereo-BRUVs","38",41.8,42.6436920166016,0.124966442584991,0.166091918945312,0.0332002639770508,304863.083689535,6221639.02311417
"2020-06_south-west_stereo-BRUVs","39",42.2,42.7559814453125,0.132003337144852,0.0539627075195312,-0.0183277130126953,304952.382861468,6221154.66377746
"2020-06_south-west_stereo-BRUVs","40",41.2,42.7285690307617,0.305486738681793,0.095458984375,-0.0112972259521484,304553.989422334,6220993.83375183
"2020-10_south-west_stereo-BRUVs","IO1",64.6,65.5470962524414,3.3211944103241,2.01282501220703,-0.395158767700195,295053.728107079,6226892.52221294
"2020-10_south-west_stereo-BRUVs","IO100",43.6,45.0682258605957,1.21295082569122,0.08831787109375,0.0350131988525391,307045.378699406,6227422.88768003
"2020-10_south-west_stereo-BRUVs","IO101",43.5,43.6184005737305,1.39541518688202,0.343143463134766,0.205878257751465,305897.479085488,6227121.94764705
"2020-10_south-west_stereo-BRUVs","IO102",45.2,47.1563110351562,-0.736954391002655,0.161293029785156,-0.0960841178894043,307264.768990877,6227982.13996909
"2020-10_south-west_stereo-BRUVs","IO113",111,112.666442871094,-2.86184048652649,0.158828735351562,-0.0875682830810547,291313.100762035,6229029.80450825
"2020-10_south-west_stereo-BRUVs","IO115",112,113.649406433105,-2.67671537399292,0.07550048828125,0.0100812911987305,291070.046707417,6229579.25619448
"2020-10_south-west_stereo-BRUVs","IO117",115,113.92960357666,-2.78622984886169,0.203689575195312,-0.0776739120483398,291325.36457345,6228475.24674054
"2020-10_south-west_stereo-BRUVs","IO119",43.8,44.7173728942871,1.25882959365845,0.168228149414062,-0.061800479888916,306583.936642593,6227413.43606886
"2020-10_south-west_stereo-BRUVs","IO122",57.4,50.5528106689453,-1.32647907733917,0.192955017089844,-0.0377407073974609,299525.906993487,6222827.66005954
"2020-10_south-west_stereo-BRUVs","IO123",49.1,50.9530754089355,-0.734057545661926,0.232749938964844,-0.0471916198730469,298810.366793588,6223922.00714817
"2020-10_south-west_stereo-BRUVs","IO125",55.8,50.3852920532227,-0.975756943225861,0.110923767089844,0.0486674308776855,299508.200725847,6223659.48421005
"2020-10_south-west_stereo-BRUVs","IO126",58.2,50.2131271362305,0.0682044252753258,0.264053344726562,0.00167083740234375,298828.133097708,6223090.18174149
"2020-10_south-west_stereo-BRUVs","IO15",40.8,41.6770286560059,-0.424110800027847,0.224002838134766,-0.0135321617126465,303088.383024766,6229005.45022959
"2020-10_south-west_stereo-BRUVs","IO153",42.6,44.102409362793,0.988199055194855,0.253334045410156,-0.156545639038086,305130.912865328,6230712.16746649
"2020-10_south-west_stereo-BRUVs","IO155",41.9,43.3412742614746,0.934718310832977,0.0943336486816406,-0.0192422866821289,304663.569982396,6230979.89764736
"2020-10_south-west_stereo-BRUVs","IO16",41.4,42.2275581359863,-0.868270456790924,0.264621734619141,0.0384631156921387,303348.045810557,6227623.91223341
"2020-10_south-west_stereo-BRUVs","IO164",44.1,45.4728393554688,1.31801319122314,0.219440460205078,0.0185966491699219,306487.327842877,6232126.97919913
"2020-10_south-west_stereo-BRUVs","IO165",42.6,44.6511306762695,1.82026636600494,0.163494110107422,-0.0494604110717773,306048.430630741,6231008.44288168
"2020-10_south-west_stereo-BRUVs","IO17",41.1,41.8532257080078,0.310839176177979,0.226119995117188,-0.00672626495361328,304017.196545358,6228747.39649568
"2020-10_south-west_stereo-BRUVs","IO184",45.9,46.2193031311035,0.673045873641968,0.238739013671875,-0.0587120056152344,306504.368708077,6231295.17952519
"2020-10_south-west_stereo-BRUVs","IO195",43.4,44.4872207641602,-1.04095911979675,0.368679046630859,-0.0832509994506836,302471.600102405,6225386.45432193
"2020-10_south-west_stereo-BRUVs","IO199",42.1,43.6442985534668,-1.19578063488007,0.332603454589844,-0.028994083404541,302684.865573541,6226223.10023801
"2020-10_south-west_stereo-BRUVs","IO201",45.3,46.3540878295898,0.935087263584137,0.0671577453613281,0.0205740928649902,300076.692100262,6229496.91927136
"2020-10_south-west_stereo-BRUVs","IO204",61.5,61.8654823303223,-2.79528021812439,0.276527404785156,0.0245437622070312,295715.868695575,6228293.91917011
"2020-10_south-west_stereo-BRUVs","IO206",58.2,59.5227508544922,-3.87166404724121,0.431484222412109,-0.0856704711914062,296171.388522842,6228581.17594512
"2020-10_south-west_stereo-BRUVs","IO207",60.4,61.4587440490723,-3.16546034812927,0.133651733398438,0.0254793167114258,295703.862141341,6228848.47039199
"2020-10_south-west_stereo-BRUVs","IO210",43.5,43.5559577941895,-1.66103649139404,0.300830841064453,0.0541143417358398,303849.884396103,6225692.62947351
"2020-10_south-west_stereo-BRUVs","IO211",43.5,45.0296630859375,1.73829638957977,0.441764831542969,0.257894515991211,306769.235810783,6229636.3048388
"2020-10_south-west_stereo-BRUVs","IOC06",41.5,43.0022277832031,-0.237278789281845,0.221687316894531,-0.000569820404052734,303982.641060761,6230411.00776997
"2020-10_south-west_stereo-BRUVs","IO216",47.5,49.1721229553223,-2.51175737380981,0.300453186035156,-0.00717735290527344,307703.635046453,6229100.62443568
"2020-10_south-west_stereo-BRUVs","IO217",47.1,49.0356025695801,-2.64109921455383,0.170024871826172,-0.0169939994812012,307945.683051344,6228550.79063771
"2020-10_south-west_stereo-BRUVs","IO218",46.8,48.0252265930176,-1.92568111419678,0.114402770996094,0.0568222999572754,308193.343147687,6227723.68468589
"2020-10_south-west_stereo-BRUVs","IO220",43.7,45.2629356384277,-0.894875884056091,0.0620155334472656,-0.0304117202758789,300999.808634827,6229516.42736263
"2020-10_south-west_stereo-BRUVs","IO222",45,47.0583534240723,1.29533529281616,0.16119384765625,0.0231704711914062,299869.435297375,6228382.93856732
"2020-10_south-west_stereo-BRUVs","IO223",42.9,44.3648071289062,0.403041988611221,0.405399322509766,0.178325653076172,301265.629301471,6227857.66151062
"2020-10_south-west_stereo-BRUVs","IO224",43.6,45.5870094299316,0.53184962272644,0.217525482177734,-0.0232644081115723,300549.970499799,6228952.14106283
"2020-10_south-west_stereo-BRUVs","IO225",44.9,46.7136459350586,1.37667083740234,0.123611450195312,-0.0164055824279785,300111.937682135,6227833.28538738
"2020-10_south-west_stereo-BRUVs","IO226",42.8,45.0715217590332,-0.217520028352737,0.225696563720703,0.030271053314209,301017.348241258,6228684.61291212
"2020-10_south-west_stereo-BRUVs","IO235",46.5,48.2838516235352,-1.74463832378387,0.256626129150391,0.0486230850219727,307484.187774971,6228541.38555404
"2020-10_south-west_stereo-BRUVs","IO236",46.8,47.1872444152832,-1.26284372806549,0.200046539306641,0.115245342254639,308440.965656043,6226896.5731877
"2020-10_south-west_stereo-BRUVs","IO237",43.2,44.6150207519531,0.271492511034012,0.175369262695312,0.0735616683959961,309594.496373669,6226919.93543868
"2020-10_south-west_stereo-BRUVs","IO239",45.9,46.5255088806152,-1.05343568325043,0.274143218994141,-0.0396633148193359,309155.535541551,6225801.54087255
"2020-10_south-west_stereo-BRUVs","IO264",42,43.5230560302734,-0.350052684545517,0.234859466552734,0.000542640686035156,303682.719092272,6233733.43778422
"2020-10_south-west_stereo-BRUVs","IO266",67.3,68.8258895874023,3.96869707107544,0.0788192749023438,0.0424394607543945,293068.208020183,6233229.59917186
"2020-10_south-west_stereo-BRUVs","IO267",62.5,64.5674667358398,3.48123455047607,0.277023315429688,-0.00252246856689453,293542.081503255,6232685.14724874
"2020-10_south-west_stereo-BRUVs","IO291",109,111.082824707031,-4.45725202560425,0.338821411132812,-0.0386905670166016,292297.27556318,6226277.38671831
"2020-10_south-west_stereo-BRUVs","IO293",111,97.3506622314453,0.0324787795543671,0.581001281738281,0.31273078918457,293232.276070878,6225743.1143008
"2020-10_south-west_stereo-BRUVs","IO294",114,103.170333862305,-1.85561382770538,0.266731262207031,0.0338325500488281,292758.694589117,6226287.54023015
"2020-10_south-west_stereo-BRUVs","IO295",109,111.880172729492,-3.32272291183472,0.166595458984375,-0.0433559417724609,292807.464978204,6224069.30778413
"2020-10_south-west_stereo-BRUVs","IO297",114,116.380043029785,-1.97362697124481,0.135841369628906,0.0616779327392578,292352.2663661,6223781.87158759
"2020-10_south-west_stereo-BRUVs","IO3",62,63.7968406677246,-0.749778807163239,0.199840545654297,0.0200319290161133,295509.158567493,6227179.81566059
"2020-10_south-west_stereo-BRUVs","IO306",124,123.744178771973,1.00713229179382,0.174217224121094,-0.0353641510009766,290956.068219088,6224305.82745847
"2020-10_south-west_stereo-BRUVs","IO308",126,127.949829101562,3.8843355178833,0.164596557617188,-0.114824295043945,290519.407005672,6223186.4557114
"2020-10_south-west_stereo-BRUVs","IO310",64.7,66.4373779296875,2.03994131088257,0.197357177734375,0.00826072692871094,294543.980741453,6229100.69592819
"2020-10_south-west_stereo-BRUVs","IO311",66.1,68.1986999511719,4.82944107055664,0.592071533203125,0.0130119323730469,294076.378401501,6229367.91300211
"2020-10_south-west_stereo-BRUVs","IO312",61.2,62.5204429626465,1.10965752601624,0.379634857177734,-0.0111570358276367,295005.532663729,6229110.73285363
"2020-10_south-west_stereo-BRUVs","IO313",108,105.47240447998,-2.38612508773804,0.268852233886719,0.0456838607788086,293019.848432454,6224906.21483218
"2020-10_south-west_stereo-BRUVs","IO319",124,123.528419494629,0.561044752597809,0.172843933105469,-0.0339584350585938,290706.930970843,6225132.54945973
"2020-10_south-west_stereo-BRUVs","IO327",65.4,68.1441421508789,2.0511748790741,0.437004089355469,-0.0900793075561523,293412.545595297,6232318.61127346
"2020-10_south-west_stereo-BRUVs","IO329",121,119.771865844727,3.12896680831909,0.186668395996094,0.0321693420410156,290198.431272482,6228325.11887075
"2020-10_south-west_stereo-BRUVs","IO330",116,104.589340209961,-2.30473160743713,0.188087463378906,-0.0331659317016602,292827.959486246,6225773.70083653
"2020-10_south-west_stereo-BRUVs","IO331",112,113.915534973145,-3.38350939750671,0.215721130371094,-0.0217914581298828,292441.908521871,6224648.15551266
"2020-10_south-west_stereo-BRUVs","IO332",124,122.564193725586,0.338889956474304,0.225738525390625,0.0489492416381836,291002.607010201,6224751.35301851
"2020-10_south-west_stereo-BRUVs","IO333",127,129.646209716797,5.49147844314575,0.0626068115234375,0.0132675170898438,290179.002121667,6222976.06276389
"2020-10_south-west_stereo-BRUVs","IO334",64,64.3503112792969,3.48640608787537,0.116310119628906,-0.0635309219360352,294688.851696594,6228786.38026901
"2020-10_south-west_stereo-BRUVs","IO335",58,55.6413803100586,-1.00984394550323,0.137203216552734,0.00549793243408203,296420.018900361,6228233.9406141
"2020-10_south-west_stereo-BRUVs","IO336",43.2,43.8041572570801,-1.58188354969025,0.239959716796875,0.0592713356018066,303160.144115602,6225543.87929844
"2020-10_south-west_stereo-BRUVs","IO339",41.1,43.5308074951172,0.192851081490517,1.28252029418945,-0.312739372253418,304100.752842655,6234193.95163426
"2020-10_south-west_stereo-BRUVs","IO34",41.3,41.7044944763184,-0.111376963555813,0.191684722900391,-0.106132984161377,303549.910738638,6229015.06935095
"2020-10_south-west_stereo-BRUVs","IO353",44.1,45.7724914550781,-0.0880261957645416,0.16546630859375,0.0183591842651367,300551.943848074,6229709.17306545
"2020-10_south-west_stereo-BRUVs","IO354",45,45.1875457763672,0.95111358165741,0.679889678955078,0.181544303894043,300665.472280998,6228415.21016751
"2020-10_south-west_stereo-BRUVs","IO355",45,48.2378425598145,-1.29042327404022,0.258476257324219,0.033935546875,307202.371156251,6229806.6697296
"2020-10_south-west_stereo-BRUVs","IO356",46.8,48.0604667663574,-1.74117469787598,0.662799835205078,-0.172021389007568,307915.892075321,6228175.41930967
"2020-10_south-west_stereo-BRUVs","IO357",45.9,47.0027656555176,-1.35346007347107,0.266796112060547,-0.081758975982666,308830.393279664,6226485.33152873
"2020-10_south-west_stereo-BRUVs","IO365",73.7,74.670768737793,4.15992498397827,0.46673583984375,0.0434694290161133,292612.535171154,6232942.20084051
"2020-10_south-west_stereo-BRUVs","IO4",65.6,66.3423919677734,3.34183025360107,0.418434143066406,-0.169045448303223,295314.550396365,6225511.14971181
"2020-10_south-west_stereo-BRUVs","IO5",66.7,67.9933700561523,6.94814395904541,0.810211181640625,-0.332146644592285,294847.140828116,6225778.39683928
"2020-10_south-west_stereo-BRUVs","IO62",105,107.154510498047,-5.03798818588257,0.285369873046875,0.00919914245605469,294033.533063033,6220767.25015646
"2020-10_south-west_stereo-BRUVs","IO66",42.8,43.9899253845215,0.0102342385798693,0.194869995117188,0.0490951538085938,304369.616863394,6234025.06582882
"2020-10_south-west_stereo-BRUVs","IO72",43.6,44.8925933837891,-1.76041662693024,0.146827697753906,-0.0199079513549805,301183.886116293,6231739.45649286
"2020-10_south-west_stereo-BRUVs","IO73",40.4,42.734058380127,-0.885100543498993,0.169090270996094,0.0155200958251953,302320.644364583,6232595.48758999
"2020-10_south-west_stereo-BRUVs","IO74",42.2,43.6088943481445,-1.16397762298584,0.556144714355469,0.146070003509521,301628.085802907,6232580.9723173
"2020-10_south-west_stereo-BRUVs","IO75",42.2,43.1029815673828,-1.18898677825928,0.446128845214844,0.139396190643311,301870.568870855,6232031.27702019
"2020-10_south-west_stereo-BRUVs","IO80",41.6,43.3219032287598,0.241712272167206,0.215206146240234,0.000640392303466797,305239.703521078,6225444.05969918
"2020-10_south-west_stereo-BRUVs","IO81",42,43.5844688415527,0.30255189538002,0.171886444091797,-0.0765385627746582,305481.823757494,6224894.28402745
"2020-10_south-west_stereo-BRUVs","IO91",43.5,43.9660682678223,0.385170459747314,0.123157501220703,0.00298500061035156,305701.052139736,6225453.58145819
"2020-10_south-west_stereo-BRUVs","IO92",42.3,43.1127777099609,0.0900695621967316,0.339069366455078,0.168389797210693,305020.502040547,6224884.75029605
"2020-10_south-west_stereo-BRUVs","IOC04",109,111.823997497559,-4.36089277267456,0.217636108398438,0.0337381362915039,292342.966457875,6225849.95226974
"2020-10_south-west_stereo-BRUVs","IOC05",43.2,44.4865036010742,1.8908474445343,0.116653442382812,0.0597529411315918,306161.411123859,6229873.37346532
"2020-10_south-west_stereo-BRUVs","IO215",46.7,47.6290168762207,-1.76661825180054,0.145565032958984,0.00783300399780273,308643.548547599,6228287.58964215
"2020-10_south-west_BOSS","C01",NA,43.4114875793457,1.37608289718628,0.836929321289062,0.130338668823242,305080.600544341,6234171.67399595
"2020-10_south-west_BOSS","216",47.5,49.1853981018066,-2.52625179290771,0.235145568847656,-0.0183243751525879,307706.235268421,6229099.45361151
"2020-10_south-west_BOSS","235",47,44.6528091430664,0.380543887615204,0.175605773925781,-0.00694847106933594,309619.492160414,6225809.69882086
"2020-10_south-west_BOSS","217",46.3,48.9759254455566,-2.5844521522522,0.210994720458984,0.0677475929260254,307948.28309354,6228549.61975404
"2020-10_south-west_BOSS","215",46.9,47.5922927856445,-1.73308086395264,0.106742858886719,0.0067896842956543,308646.148421191,6228286.41857289
"2020-10_south-west_BOSS","356",47.2,48.1191291809082,-1.80251228809357,0.491703033447266,-0.0703601837158203,307919.04077331,6228171.78536532
"2020-10_south-west_BOSS","218",46.5,48.0096130371094,-1.91263341903687,0.212074279785156,0.0334200859069824,308195.942935919,6227722.5137441
"2020-10_south-west_BOSS","102",46.4,47.1479721069336,-0.728982627391815,0.180782318115234,-0.0858602523803711,307267.368979232,6227980.96927523
"2020-10_south-west_BOSS","100",44.5,45.1490478515625,1.13321328163147,0.211166381835938,0.00890874862670898,307047.978570939,6227421.71705132
"2020-10_south-west_BOSS","119",43.5,44.670467376709,1.30938839912415,0.163364410400391,-0.0130453109741211,306586.536577128,6227412.26556483
"2020-10_south-west_BOSS","101",43.4,43.8668327331543,1.15351891517639,0.314876556396484,-0.055325984954834,305900.07904038,6227120.77733144
"2020-10_south-west_BOSS","236",46,47.250244140625,-1.32883751392365,0.200046539306641,0.0333156585693359,308443.565190259,6226895.40218778
"2020-10_south-west_BOSS","237",43.2,44.6150207519531,0.271492511034012,0.175369262695312,0.0735616683959961,309597.095750458,6226918.76412704
"2020-10_south-west_BOSS","C02",45,46.6612815856934,-0.998584270477295,0.617431640625,-0.063117504119873,308822.275002262,6226439.52889853
"2020-10_south-west_BOSS","235REDO",44.3,44.6528091430664,0.380543887615204,0.175605773925781,-0.00694847106933594,309619.492160414,6225809.69882086
"2020-10_south-west_BOSS","239",45.3,46.6775054931641,-1.2091109752655,0.341941833496094,-0.236169815063477,309158.134684509,6225800.36969117
"2020-10_south-west_BOSS","91",42.7,43.9376335144043,0.420377552509308,0.144195556640625,0.0378336906433105,305703.651681093,6225452.41121348
"2020-10_south-west_BOSS","80",43.1,43.2717552185059,0.298605769872665,0.091949462890625,0.0462765693664551,305242.303125482,6225442.88957917
"2020-10_south-west_BOSS","81",43.3,43.4125823974609,0.479918509721756,0.183074951171875,0.136307716369629,305484.423181987,6224893.11384794
"2020-10_south-west_BOSS","92",41.3,43.2012519836426,0.00711115216836333,0.339069366455078,0.080686092376709,305023.101528095,6224883.58024125
"2020-10_south-west_BOSS","210",43.9,43.5247955322266,-1.6286563873291,0.300830841064453,0.112308502197266,303852.484263873,6225691.45972611
"2020-10_south-west_BOSS","336",43.1,43.8972930908203,-1.67912864685059,0.151397705078125,-0.00186395645141602,303163.216762634,6225543.9434648
"2020-10_south-west_BOSS","195",44.4,44.340503692627,-0.899808824062347,0.1824951171875,0.0919733047485352,302474.200085263,6225385.28495003
"2020-10_south-west_BOSS","199",42.7,43.6352996826172,-1.19106411933899,0.199954986572266,-0.0201983451843262,302687.465747334,6226221.9307994
"2020-10_south-west_BOSS","16",41.4,42.2122459411621,-0.852414846420288,0.289863586425781,0.0325288772583008,303350.646260467,6227622.74260053
"2020-10_south-west_BOSS","17",41,41.7653884887695,0.405195385217667,0.312583923339844,0.169546127319336,304019.797197205,6228746.22667004
"2020-10_south-west_BOSS","34",41.4,41.6606178283691,-0.0639549940824509,0.176589965820312,-0.00806236267089844,303552.511527637,6229013.89964849
"2020-10_south-west_BOSS","15",41.6,41.617073059082,-0.362904489040375,0.256401062011719,0.0293059349060059,303090.983876808,6229004.28065175
"2020-10_south-west_BOSS","223",44.2,44.4949531555176,0.260940164327621,0.405399322509766,0.0458383560180664,301268.230109341,6227856.49243715
"2020-10_south-west_BOSS","225",45.2,46.706298828125,1.37438118457794,0.195041656494141,-0.0621657371520996,300114.538647762,6227832.11662549
"2020-10_south-west_BOSS","222",46.9,47.0439567565918,1.30235433578491,0.195056915283203,0.0548009872436523,299872.036442759,6228381.76986475
"2020-10_south-west_BOSS","C03.1",42.4,45.8998794555664,0.32085183262825,1.47704696655273,-0.40254545211792,300646.075334745,6228371.74851688
"2020-10_south-west_BOSS","C03.2",43.4,45.8998794555664,0.32085183262825,1.47704696655273,-0.40254545211792,300646.075334745,6228371.74851688
"2020-10_south-west_BOSS","226",44,45.0211296081543,-0.179352641105652,0.207164764404297,0.0514616966247559,301019.949302998,6228683.44389653
"2020-10_south-west_BOSS","224",44.9,45.6091728210449,0.497263580560684,0.0861625671386719,-0.0221343040466309,300552.571698723,6228950.97217037
"2020-10_south-west_BOSS","220",43.9,45.2009201049805,-0.845017611980438,0.0733718872070312,0.0378780364990234,301002.409918843,6229515.2583426
"2020-10_south-west_BOSS","353",45,45.786060333252,-0.112640351057053,0.184505462646484,0.0196280479431152,300555.095999399,6229705.54143447
"2020-10_south-west_BOSS","201",46.3,46.384220123291,0.892811596393585,0.10882568359375,-0.028907299041748,300079.293510447,6229495.75050054
"2020-10_south-west_BOSS","72",43.3,44.8430213928223,-1.72092986106873,0.18341064453125,0.0147738456726074,301186.487961299,6231738.2873987
"2020-10_south-west_BOSS","75",42.6,43.1029815673828,-1.18898677825928,0.446128845214844,0.139396190643311,301873.170695348,6232030.1077377
"2020-10_south-west_BOSS","74",43.2,43.5689544677734,-1.13007092475891,0.316249847412109,0.109925270080566,301630.687806994,6232579.80309414
"2020-10_south-west_BOSS","73",42.2,42.7161407470703,-0.868127167224884,0.242790222167969,-0.0257978439331055,302323.246274135,6232594.31818
"2020-10_south-west_BOSS","264",42.4,43.5230560302734,-0.350052684545517,0.234859466552734,0.000542640686035156,303685.321108959,6233732.26799473
"2020-10_south-west_BOSS","66",42.5,44.0423583984375,-0.0375834405422211,0.146030426025391,0.000322341918945312,304372.218859645,6234023.89585105
"2020-10_south-west_BOSS","339",42.1,42.7250862121582,0.999251008033752,0.965576171875,0.283279895782471,304100.714530113,6234195.80045307
"2020-10_south-west_BOSS","308",125,127.866645812988,3.94907999038696,0.193092346191406,-0.00247764587402344,290522.008113062,6223185.28959151
"2020-10_south-west_BOSS","333",125,129.647750854492,5.52105045318604,0.367050170898438,-0.095428466796875,290175.888919993,6222977.84323791
"2020-10_south-west_BOSS","62",108,107.036926269531,-4.97254419326782,0.24603271484375,0.0132293701171875,294036.13302818,6220766.08311546
"2020-10_south-west_BOSS","297",115,116.370498657227,-2.0041389465332,0.101310729980469,0.0440769195556641,292354.867368506,6223780.70496593
"2020-10_south-west_BOSS","295",112,111.7490234375,-3.23694920539856,0.197990417480469,0.0472173690795898,292810.065991449,6224068.14103625
"2020-10_south-west_BOSS","331",111,113.88614654541,-3.43721699714661,0.232673645019531,-0.040745735168457,292446.521913873,6224648.25712737
"2020-10_south-west_BOSS","313",105,105.373764038086,-2.32152485847473,0.238517761230469,0.0803260803222656,293022.449636413,6224905.04801731
"2020-10_south-west_BOSS","329",118,119.778900146484,3.15479350090027,0.103721618652344,-0.0515842437744141,290195.316405383,6228326.89942317
"2020-10_south-west_BOSS","117",112,113.862808227539,-2.76306700706482,0.185226440429688,-0.0459804534912109,291327.966961756,6228474.08034142
"2020-10_south-west_BOSS","113",111,112.547088623047,-2.78835320472717,0.210342407226562,-0.0128755569458008,291315.703298401,6229028.63810597
"2020-10_south-west_BOSS","115",111,113.649406433105,-2.67671537399292,0.07550048828125,0.0100812911987305,291072.649423443,6229578.08985131
"2020-10_south-west_BOSS","4",60,66.2652206420898,3.43141436576843,0.433219909667969,-0.0322818756103516,295317.151432333,6225509.98227064
"2020-10_south-west_BOSS","5",66,67.4353408813477,7.5196967124939,0.849044799804688,0.218197822570801,294849.742001418,6225777.22952122
"2020-10_south-west_BOSS","1",62.6,65.679084777832,3.1407470703125,0.737953186035156,-0.11541748046875,295056.329545165,6226891.35482641
"2020-10_south-west_BOSS","3",61.4,63.9110870361328,-0.904686212539673,0.176128387451172,-0.109888076782227,295511.760016466,6227178.64814791
"2020-10_south-west_BOSS","335",54.9,55.6413803100586,-1.00984394550323,0.137203216552734,0.00549793243408203,296421.640094609,6228230.27724224
"2020-10_south-west_BOSS","206",58.2,59.5227508544922,-3.87166404724121,0.431484222412109,-0.0856704711914062,296173.990247423,6228580.00823789
"2020-10_south-west_BOSS","204",60.6,61.7687797546387,-2.73013043403625,0.170883178710938,0.0760393142700195,295718.470409266,6228292.751589
"2020-10_south-west_BOSS","207",60.2,61.4956932067871,-3.23100185394287,0.140632629394531,-0.0102481842041016,295706.46400316,6228847.30280781
"2020-10_south-west_BOSS","312",65.2,66.3667602539062,1.74083411693573,0.235771179199219,0.0806856155395508,294795.449347592,6228272.72108614
"2020-10_south-west_BOSS","334",63,64.1804580688477,3.63551568984985,0.213142395019531,0.0137577056884766,294692.046184644,6228780.90162136
"2020-10_south-west_BOSS","310",64.1,66.3648452758789,2.06755614280701,0.284294128417969,0.0211725234985352,294546.582835282,6229099.52865393
"2020-10_south-west_BOSS","311",67.2,67.9782409667969,5.0010781288147,0.491683959960938,0.0454568862915039,294078.980632566,6229366.74585087
"2020-10_south-west_BOSS","327",64.9,68.2485809326172,1.90995192527771,0.572364807128906,-0.106653213500977,293414.168546163,6232314.9483505
"2020-10_south-west_BOSS","267",62.7,64.5674667358398,3.48123455047607,0.277023315429688,-0.00252246856689453,293544.684685585,6232683.98020336
"2020-10_south-west_BOSS","365",72,74.9671020507812,3.81852841377258,0.392051696777344,-0.150237083435059,292615.138553802,6232941.03404258
"2020-10_south-west_BOSS","266",67.3,68.8475723266602,3.90012383460999,0.161003112792969,-0.0138750076293945,293070.811413617,6233228.43224786
"2020-10_south-west_BOSS","J11",39.7,46.4676704406738,-1.26887667179108,0.552665710449219,0.0788116455078125,308452.267461769,6222834.70279205
"2020-10_south-west_BOSS","J12",44.7,40.224193572998,4.0046215057373,0.839271545410156,0.162983894348145,308983.01042913,6221236.6650211
"2020-10_south-west_BOSS","J9",44.1,44.9159278869629,-0.0254525616765022,0.213996887207031,-0.0105161666870117,307810.415403359,6222633.00372122
"2020-10_south-west_BOSS","J10",38.7,46.6251106262207,-1.46597671508789,0.711570739746094,-0.0512781143188477,308045.268539852,6222881.89210054
"2020-10_south-west_BOSS","J1",44.3,47.3986396789551,-2.94839811325073,1.05744934082031,-0.141213417053223,309196.036644108,6221651.51196831
"2020-10_south-west_BOSS","J2",44.4,45.0465278625488,-0.364937126636505,0.646110534667969,0.135930061340332,308994.925819062,6222013.57831145
"2020-10_south-west_BOSS","J3",44.4,40.567928314209,4.00603914260864,0.804306030273438,-0.0456180572509766,308731.051014345,6221830.69575783
"2020-10_south-west_BOSS","J4",42.9,45.4694633483887,-0.683847606182098,0.12261962890625,0.00367355346679688,308204.831330407,6222297.08969634
"2020-10_south-west_BOSS","J8",43.4,42.340202331543,1.61454272270203,1.485595703125,-0.58134651184082,307436.237800795,6221526.91289476
"2020-10_south-west_BOSS","J6",37.1,44.1553726196289,-0.337992280721664,0.110214233398438,0.0401592254638672,307499.288488552,6221150.95808056
"2020-10_south-west_BOSS","J5",42.7,44.2395324707031,-0.224420875310898,0.0506439208984375,-0.0082244873046875,307809.915077674,6221301.54662265
"2020-10_south-west_BOSS","J7",43.3,44.4561614990234,-0.799358546733856,0.112342834472656,-0.065399169921875,307300.93147493,6220924.98995577
"2020-10_south-west_BOSS","J17",40.6,41.2249565124512,2.91905045509338,1.33618927001953,0.0675363540649414,308272.410676473,6221244.40699164
"2020-10_south-west_BOSS","J14",41.7,36.984546661377,7.48338079452515,1.65563201904297,0.101845741271973,308697.538733627,6221663.5848859
"2020-10_south-west_BOSS","J16",41.2,43.3590316772461,0.481738716363907,1.18505859375,0.116275787353516,306940.137506722,6221871.80554896
"2020-10_south-west_BOSS","J15",40.8,43.6969909667969,0.454592138528824,1.52138900756836,0.217276096343994,307287.902285583,6222012.07623087
"2020-10_south-west_BOSS","J13",42.3,46.4090690612793,-1.94931244850159,1.68447113037109,0.504888534545898,309158.919434696,6221661.85482459
"2020-10_south-west_BOSS","J18",41.4,36.1700019836426,8.2594518661499,0.160324096679688,0.0156421661376953,308569.09164304,6221627.68758836
"2020-10_south-west_BOSS","J24",42.4,50.1854248046875,-0.956909954547882,0.131561279296875,0.0784082412719727,299534.409498616,6222549.21660245
"2020-10_south-west_BOSS","J26",42.6,50.0654983520508,-1.14881646633148,0.753036499023438,-0.16911792755127,299770.208169605,6222310.12143438
"2020-10_south-west_BOSS","J25",43,49.6046676635742,-0.632976233959198,0.0925140380859375,-0.0156536102294922,299714.415410958,6222763.87123525
"2020-10_south-west_BOSS","J32",42.9,44.2295112609863,0.168133363127708,0.188217163085938,0.0186004638671875,302761.753242545,6221352.45178764
"2020-10_south-west_BOSS","J30",42.5,44.3479652404785,-0.00350342597812414,0.315559387207031,0.0636377334594727,302572.328121386,6223345.72243591
"2020-10_south-west_BOSS","J28",42.9,44.8459434509277,0.809019684791565,0.372360229492188,-0.0494117736816406,301891.540713251,6223242.66111425
"2020-10_south-west_BOSS","J29",43.8,44.654224395752,0.351879000663757,0.220916748046875,0.0491561889648438,302210.222336559,6223449.08329634
"2020-10_south-west_BOSS","J31",43.4,44.7170753479004,-0.513859570026398,0.524703979492188,-0.246467590332031,302692.090617934,6222915.49718452
"2020-10_south-west_BOSS","J27",43.5,48.0442733764648,0.337115913629532,0.142242431640625,0.0209493637084961,300141.292978155,6222218.14174077
"2020-10_south-west_BOSS","J19",45.9,46.4721717834473,-1.59744203090668,0.0951766967773438,-0.00867080688476562,308896.387962934,6222322.24710481
"2020-10_south-west_BOSS","J21",48.2,52.7565650939941,-0.442016899585724,0.131942749023438,0.0404949188232422,298726.739782214,6221477.85783872
"2020-10_south-west_BOSS","J22",49.6,52.6994972229004,-1.43065762519836,0.112091064453125,0.0333356857299805,298925.152896106,6221692.92408165
"2020-10_south-west_BOSS","J34",49.6,44.3402671813965,-0.469060570001602,0.0428619384765625,0.000926017761230469,303225.689410065,6221229.01313779
"2020-10_south-west_BOSS","J36",49.3,42.4599685668945,0.484936535358429,0.411003112792969,0.122257232666016,304349.041809431,6221341.19711429
"2020-10_south-west_BOSS","J35",52,43.9055595397949,-0.109900690615177,0.326499938964844,-0.0449085235595703,303528.92713126,6220846.99716861
"2020-10_south-west_BOSS","J33",51.3,44.1081581115723,0.264090269804001,0.146873474121094,0.0236654281616211,302916.289908402,6221022.81538217
"2020-10_south-west_BOSS","J38",51,42.6729125976562,0.0956256240606308,0.166091918945312,-0.0274448394775391,304859.55125792,6221640.28136075
"2020-10_south-west_BOSS","J37",49.3,43.0037078857422,-0.209836304187775,0.140205383300781,0.0141849517822266,304394.930701068,6221797.07296967
"2020-10_south-west_BOSS","J20",48,52.8767204284668,-1.01968908309937,0.284317016601562,-0.11721134185791,298989.731639732,6221261.55584403
"2020-10_south-west_BOSS","122",49.4,50.4778671264648,-1.25687110424042,0.183792114257812,0.000866889953613281,299528.506719124,6222826.49151141
"2020-10_south-west_BOSS","125",48.3,50.4505386352539,-1.04492843151093,0.178115844726562,-0.0323824882507324,299510.80067404,6223658.31565745
"2020-10_south-west_BOSS","123",49.1,50.8472747802734,-0.628285467624664,0.260910034179688,0.0624518394470215,298812.966910717,6223920.83878112
"2020-10_south-west_BOSS","126",48.8,50.1426239013672,0.132218107581139,0.21038818359375,0.019683837890625,298830.73299231,6223089.01337892
"2020-10_south-west_BOSS","293",95.2,97.5767593383789,-0.230490401387215,0.780731201171875,-0.0897645950317383,293234.877465514,6225741.94741894
"2020-10_south-west_BOSS","330",116,104.46711730957,-2.19653248786926,0.357734680175781,0.0161399841308594,292827.878244466,6225777.39751757
"2020-10_south-west_BOSS","C04",110,111.748413085938,-4.3147988319397,0.336860656738281,0.0355567932128906,292346.318401068,6225844.47783139
"2020-10_south-west_BOSS","291",108,110.892082214355,-4.30958795547485,0.365882873535156,0.117149353027344,292299.87723251,6226276.22008257
"2020-10_south-west_BOSS","294",102,103.170333862305,-1.85561382770538,0.266731262207031,0.0338325500488281,292761.296195189,6226286.37346981
"2021-03_West-Coast_BOSS","148",46.6,49.0920906066895,-2.3252170085907,0.576499938964844,-0.417154312133789,308478.900150733,6230158.11538527
"2021-03_West-Coast_BOSS","2",47.3,48.8824691772461,-2.52461218833923,0.417884826660156,0.00168466567993164,308405.947327346,6229202.44720452
"2021-03_West-Coast_BOSS","99",47.2,49.0741271972656,-2.17972540855408,0.121936798095703,-0.0714731216430664,307656.430462602,6229730.8689808
"2021-03_West-Coast_BOSS","127",44,46.4495429992676,0.489784121513367,0.928714752197266,-0.0296597480773926,307100.299531611,6229830.47302268
"2021-03_West-Coast_BOSS","43",45.5,46.469612121582,0.522115409374237,0.769088745117188,-0.0933270454406738,307002.545670169,6230094.76226799
"2021-03_West-Coast_BOSS","110",45,46.4933128356934,0.473121732473373,0.776981353759766,-0.139049053192139,306814.285328006,6230268.4366564
"2021-03_West-Coast_BOSS","139",44,44.5231285095215,1.35177803039551,0.109779357910156,0.0191941261291504,306008.741182798,6229020.32990861
"2021-03_West-Coast_BOSS","133",44,46.0664176940918,0.285908073186874,0.143714904785156,-0.0708012580871582,307239.064096719,6227558.76837333
"2021-03_West-Coast_BOSS","52",46.1,46.3926048278809,-0.0703631117939949,0.725688934326172,0.138949871063232,307625.417054739,6226723.41254649
"2021-03_West-Coast_BOSS","91",44.8,46.5274124145508,-0.920626580715179,0.252025604248047,-0.102481842041016,308820.799357668,6226958.53380777
"2021-03_West-Coast_BOSS","47",45.1,46.3046684265137,-0.516072511672974,0.544952392578125,-0.0870933532714844,308641.859982949,6226677.52338716
"2021-03_West-Coast_BOSS","16",44.1,45.0578155517578,0.893479883670807,0.239566802978516,0.127931118011475,308460.903997329,6226496.3251454
"2021-03_West-Coast_BOSS","38",45.4,46.6280670166016,-0.310005784034729,0.976955413818359,0.127299308776855,307827.61331278,6225862.10117347
"2021-03_West-Coast_BOSS","71",43.5,44.4450416564941,1.64435267448425,0.35272216796875,0.176899909973145,307001.472358861,6225634.41077842
"2021-03_West-Coast_BOSS","14",43.6,44.9588584899902,1.23550629615784,0.286586761474609,-0.106614589691162,307475.513747067,6225022.765064
"2021-03_West-Coast_BOSS","150",44.6,45.952320098877,0.233901932835579,0.304634094238281,-0.0800089836120605,307849.321337892,6224797.39223704
"2021-03_West-Coast_BOSS","92",44.3,46.8603782653809,-0.708856344223022,1.96658706665039,0.0226335525512695,307943.844100767,6224688.36588765
"2021-03_West-Coast_BOSS","28",47,46.8291511535645,-0.753201246261597,0.443805694580078,0.0385251045227051,308401.767232444,6224864.11754802
"2021-03_West-Coast_BOSS","124",45,45.8786659240723,-0.134303539991379,0.41583251953125,-0.206786155700684,308957.141885835,6224786.63112198
"2021-03_West-Coast_BOSS","53",45.4,45.9496307373047,0.0439533144235611,0.3240966796875,0.196261405944824,308136.722659229,6224281.76828208
"2021-03_West-Coast_BOSS","6",44.4,45.8470039367676,0.0118367299437523,0.302696228027344,-0.0395879745483398,307958.086447294,6223989.64992877
"2021-03_West-Coast_BOSS","149",45.1,46.3162727355957,-1.00476479530334,0.301834106445312,0.0692892074584961,309171.321898669,6223326.39793792
"2021-03_West-Coast_BOSS","32",45.1,46.1646995544434,-0.607603251934052,0.0319976806640625,-0.00706768035888672,308246.589738811,6223418.56974905
"2021-03_West-Coast_BOSS","116",45.1,44.822078704834,0.617868840694427,0.364860534667969,0.268986701965332,308065.030627683,6223270.63220445
"2021-03_West-Coast_BOSS","69",43.7,44.7507362365723,-0.0555010624229908,0.388504028320312,0.0299911499023438,307338.170106472,6222712.11652136
"2021-03_West-Coast_BOSS","138",41.8,45.5282402038574,-0.800145387649536,0.28302001953125,-0.0634937286376953,307431.09261208,6222680.73102449
"2021-03_West-Coast_BOSS","76",43.3,44.6643104553223,0.0414583869278431,0.206817626953125,0.00813579559326172,307806.171716314,6222388.81871686
"2021-03_West-Coast_BOSS","144",43.2,44.9344215393066,-0.117399387061596,0.757827758789062,0.223246574401855,308176.030244964,6222351.97973498
"2021-03_West-Coast_BOSS","5",45.2,45.0343284606934,-0.344333618879318,0.494972229003906,0.123141288757324,309104.932574068,6222049.09544917
"2021-03_West-Coast_BOSS","107",44.4,44.4527626037598,-0.678512513637543,0.30242919921875,0.170654296875,310048.990855538,6220991.95347186
"2021-03_West-Coast_BOSS","37",46.5,47.8814582824707,-3.54050588607788,0.630279541015625,-0.0945072174072266,309209.081379935,6221463.15641664
"2021-03_West-Coast_BOSS","102",35.3,36.142162322998,8.19239521026611,0.558074951171875,0.0715112686157227,308748.386625281,6221431.61625728
"2021-03_West-Coast_BOSS","57",44.4,41.7428855895996,2.34915351867676,1.53795623779297,0.23015308380127,308572.049641458,6221028.59916158
"2021-03_West-Coast_BOSS","24",39.9,41.7006187438965,2.34388637542725,1.10214996337891,-0.0236215591430664,308481.178788314,6220960.17822269
"2021-03_West-Coast_BOSS","70",38.7,40.8616752624512,3.31185698509216,1.13856506347656,0.375497817993164,308383.083421769,6221246.66083554
"2021-03_West-Coast_BOSS","62",40.4,41.4373970031738,2.90457773208618,0.461311340332031,-0.0215940475463867,308097.357011723,6221684.6544881
"2021-03_West-Coast_BOSS","104",41.8,44.282886505127,0.209644168615341,0.440200805664062,-0.167856216430664,307999.244064948,6221971.13365773
"2021-03_West-Coast_BOSS","30",41.7,42.5968322753906,1.76275825500488,0.300155639648438,0.0210103988647461,307722.76685891,6221954.39549597
"2021-03_West-Coast_BOSS","95",41.2,41.931079864502,2.35757946968079,1.63455963134766,0.284570693969727,307255.463546776,6222244.41618676
"2021-03_West-Coast_BOSS","106",43.9,42.5542831420898,0.581181049346924,0.717945098876953,0.212077617645264,304046.529999476,6221246.13847315
"2021-03_West-Coast_BOSS","39",42.3,42.925910949707,0.0523310154676437,0.4298095703125,0.115362167358398,304228.220086154,6221383.06755792
"2021-03_West-Coast_BOSS","140",42.4,42.5976905822754,0.179061099886894,0.223701477050781,-0.00765705108642578,304657.618625349,6222923.18583754
"2021-03_West-Coast_BOSS","10",41.5,43.1509323120117,-0.0470992624759674,0.172199249267578,-0.0401639938354492,305008.461635206,6223807.00767675
"2021-03_West-Coast_BOSS","147",43.3,43.7068939208984,0.874732315540314,0.293910980224609,0.0423521995544434,305798.521806043,6225776.13531874
"2021-03_West-Coast_BOSS","23",43.2,44.2260131835938,1.07760894298553,0.0982246398925781,-0.0235309600830078,306149.598183482,6226659.90151692
"2021-03_West-Coast_BOSS","Old Point",42.3,42.2832489013672,-0.623874425888062,0.124618530273438,-0.0478315353393555,303316.805473534,6230230.1717332
"2021-03_West-Coast_BOSS","41",41.4,42.5333442687988,-0.106224961578846,0.313247680664062,-0.0424795150756836,304065.73757721,6229202.09841583
"2021-03_West-Coast_BOSS","33",46.7,42.1869926452637,-0.764244079589844,0.322593688964844,-0.0852456092834473,303545.614299779,6227571.32725717
"2021-03_West-Coast_BOSS","86",41.2,42.9777755737305,-1.41047275066376,0.200080871582031,0.00632476806640625,302999.278914573,6227204.87102218
"2021-03_West-Coast_BOSS","56",41.6,42.1987228393555,-0.655009627342224,0.360061645507812,-0.130812168121338,303739.428769135,6227131.53772912
"2021-03_West-Coast_BOSS","65",41.6,42.631462097168,0.198675930500031,0.276576995849609,0.123225688934326,304761.70230883,6226808.79485573
"2021-03_West-Coast_BOSS","137",42.1,42.9416656494141,-1.03961932659149,0.269962310791016,-0.0519766807556152,304125.164808065,6226340.67484404
"2021-03_West-Coast_BOSS","48",42.1,43.4445304870605,-0.921243727207184,0.564487457275391,0.0191020965576172,304595.065460773,6225939.88962843
"2021-03_West-Coast_BOSS","67",42.5,43.3457565307617,-1.52691388130188,0.578460693359375,0.300449371337891,303766.437267832,6225833.91204487
"2021-03_West-Coast_BOSS","126",43.1,43.6612014770508,-1.75355386734009,0.221839904785156,0.063323974609375,303492.620100747,6225683.96450874
"2021-03_West-Coast_BOSS","44",43.8,44.1881065368652,-0.605757236480713,0.169231414794922,0.0135674476623535,302389.761510934,6225450.08947212
"2021-03_West-Coast_BOSS","35",43.5,44.556095123291,0.593663692474365,0.311702728271484,0.0782523155212402,301842.663693589,6225127.92113481
"2021-03_West-Coast_BOSS","100",43.4,45.5900917053223,0.792872965335846,0.498115539550781,-0.00490093231201172,301381.789884006,6225096.0279068
"2021-03_West-Coast_BOSS","7",44.2,44.8609390258789,0.276353001594543,0.256900787353516,-0.0478515625,301943.323415934,6224730.58855151
"2021-03_West-Coast_BOSS","108",44.1,44.868278503418,0.989750146865845,0.387596130371094,0.191271781921387,301667.931142448,6224658.22140935
"2021-03_West-Coast_BOSS","26",44.2,45.9937705993652,1.20571029186249,0.145709991455078,-0.00431680679321289,301114.816838914,6224624.37161553
"2021-03_West-Coast_BOSS","125",45.8,45.5890617370605,1.0468316078186,0.193218231201172,-0.0647282600402832,301400.257297811,6224219.84577291
"2021-03_West-Coast_BOSS","98",43.5,44.5903663635254,0.3675816655159,0.654685974121094,0.0862131118774414,302253.643085322,6223139.31267037
"2021-03_West-Coast_BOSS","1",44.1,45.4434394836426,0.18569852411747,0.160560607910156,0.0485801696777344,302018.649133724,6221148.22105445
"2021-03_West-Coast_BOSS","83",47.9,48.2498207092285,0.0958626493811607,0.29925537109375,0.0103530883789062,300640.613363582,6220863.92515475
"2021-03_West-Coast_BOSS","88",50.3,51.3349342346191,-0.356135457754135,0.135887145996094,-0.0662088394165039,299628.476888901,6220731.46918774
"2021-03_West-Coast_BOSS","36",50.7,52.4629020690918,-0.835851967334747,0.110313415527344,-0.0330123901367188,299159.298596402,6221098.73445133
"2021-03_West-Coast_BOSS","130",48.1,49.7017669677734,-0.927910685539246,0.338874816894531,-0.0229558944702148,299872.616811672,6222267.91468018
"2021-03_West-Coast_BOSS","46",48.1,48.72021484375,-0.088289350271225,0.188026428222656,-0.0249671936035156,299959.438448984,6222524.96756764
"2021-03_West-Coast_BOSS","93",45.1,46.2900276184082,0.417120754718781,0.271987915039062,-0.129026412963867,301252.250578067,6222485.76829658
"2021-03_West-Coast_BOSS","78",46.7,46.9894981384277,0.360110372304916,0.311370849609375,0.00145721435546875,300879.996617671,6222633.24648672
"2021-03_West-Coast_BOSS","50",45.7,46.681957244873,0.670696198940277,0.60272216796875,-0.171448707580566,300963.098939152,6223067.74373622
"2021-03_West-Coast_BOSS","80",46.6,47.519401550293,1.57319581508636,0.104343414306641,0.0183262825012207,300014.949634333,6224257.11829201
"2021-03_West-Coast_BOSS","114",46.4,47.2210350036621,1.75177276134491,0.462966918945312,0.112209796905518,300184.183957685,6224981.94478497
"2021-03_West-Coast_BOSS","64",47.7,46.453239440918,1.41938757896423,0.390743255615234,0.115492343902588,300730.284778627,6225348.57607894
"2021-03_West-Coast_BOSS","136",46,47.5030517578125,1.57410669326782,0.19622802734375,-0.0659918785095215,300073.567385784,6225845.08135179
"2021-03_West-Coast_BOSS","97",44.8,45.9445915222168,1.19618284702301,0.386344909667969,-0.170971870422363,300899.600206138,6226073.38516888
"2021-03_West-Coast_BOSS","121",42.8,44.0938034057617,-0.0993049740791321,0.270641326904297,0.0190601348876953,301906.266724031,6226494.03903876
"2021-03_West-Coast_BOSS","3",43.5,44.1845397949219,-0.0401840656995773,0.230930328369141,-0.105637550354004,301710.742423432,6227011.43069467
"2021-03_West-Coast_BOSS","73",43.4,44.8488845825195,0.209311082959175,0.302982330322266,-0.128566741943359,301436.918125935,6226861.42381294
"2021-03_West-Coast_BOSS","118",47.3,47.8469772338867,1.63812172412872,0.405780792236328,0.114376544952393,299385.875549657,6227794.4563981
"2021-03_West-Coast_BOSS","128",47.8,48.9865837097168,0.799507677555084,0.23223876953125,0.00464963912963867,299104.265321832,6228010.38239067
"2021-03_West-Coast_BOSS","60",48.7,49.8671951293945,0.119835488498211,0.226131439208984,-0.0686545372009277,298909.741519669,6228472.26874773
"2021-03_West-Coast_BOSS","134",41.7,42.960376739502,-1.13953602313995,0.119476318359375,0.00371360778808594,302227.726894627,6228775.41003945
"2021-03_West-Coast_BOSS","120",41.2,42.4168281555176,-1.05759501457214,0.20574951171875,0.0430178642272949,302593.693431731,6228938.41267461
"2021-03_West-Coast_BOSS","8",42.5,43.181640625,-0.627354860305786,0.157619476318359,-0.00221776962280273,301655.956689161,6229617.7806995
"2021-03_West-Coast_BOSS","68",41.1,42.3813056945801,-1.02581179141998,0.434650421142578,0.050081729888916,302381.916413141,6230232.17393237
"2021-03_West-Coast_BOSS","117",87.6,90.5439605712891,-2.03822922706604,0.105445861816406,-0.0144500732421875,293286.307071143,6228028.94432381
"2021-03_West-Coast_BOSS","17",92.2,94.0264358520508,0.385522961616516,0.251304626464844,0.117826461791992,293024.250871627,6227346.31463754
"2021-03_West-Coast_BOSS","40",97,99.3946762084961,0.00142409151885659,0.318634033203125,0.0801868438720703,292757.605386778,6226874.40686044
"2021-03_West-Coast_BOSS","72",105,107.075103759766,-3.10399913787842,0.131568908691406,0.0505952835083008,292087.375742367,6227958.21140865
"2021-03_West-Coast_BOSS","109",114,116.519004821777,-2.61649465560913,0.573478698730469,0.0100183486938477,291571.324440733,6226237.94927184
"2021-03_West-Coast_BOSS","145",121,122.636001586914,-0.29428094625473,0.532867431640625,-0.0700416564941406,290753.570672574,6225642.80871037
"2021-03_West-Coast_BOSS","90",122,125.021598815918,1.5250461101532,0.556571960449219,-0.131564140319824,290688.882983156,6224398.5422222
"2021-03_West-Coast_BOSS","22",116,117.885444641113,-1.06303417682648,0.250312805175781,-0.047943115234375,291987.953870301,6224094.41205308
"2021-03_West-Coast_BOSS","77",111,113.715301513672,-3.33563590049744,0.261116027832031,0.0456171035766602,292436.073623567,6224703.50979599
"2021-03_West-Coast_BOSS","82",100,100.849029541016,-0.72637015581131,0.214179992675781,-0.00732994079589844,293262.838394412,6224888.13158076
"2021-03_West-Coast_BOSS","49",96.4,97.8853759765625,1.07901537418365,0.84490966796875,0.511704444885254,293555.686096161,6224162.18420407
"2021-03_West-Coast_BOSS","141",105,106.651611328125,-2.78797221183777,0.211685180664062,-0.0363826751708984,293590.931597154,6222553.96534061
"2021-03_West-Coast_BOSS","11",87.5,86.0040893554688,0.450124233961105,0.060302734375,-0.0246925354003906,294787.237383605,6222713.26912032
"2021-03_West-Coast_BOSS","146",62.1,63.2578353881836,2.46077728271484,0.275909423828125,0.00905036926269531,296155.588676813,6223453.15081257
"2021-03_West-Coast_BOSS","18",61.6,62.2363243103027,6.14278507232666,1.39417266845703,0.252036571502686,295873.778156136,6223680.07019002
"2021-03_West-Coast_BOSS","42",70.1,71.3683090209961,3.65441083908081,0.143501281738281,-0.0672645568847656,295315.899512149,6223867.69890394
"2021-03_West-Coast_BOSS","84",69,71.8437576293945,3.59984827041626,0.581634521484375,0.0505332946777344,295217.372581478,6224154.062662
"2021-03_West-Coast_BOSS","20",63.7,65.2103042602539,4.75804853439331,0.382537841796875,-0.123737335205078,295582.569087123,6224339.53432452
"2021-03_West-Coast_BOSS","55",71.7,72.3533935546875,4.86241960525513,0.813018798828125,0.0103960037231445,295027.29965361,6224405.14559611
"2021-03_West-Coast_BOSS","115",80.2,81.8402709960938,0.726711511611938,1.081298828125,0.171446800231934,294658.725898467,6224374.92769978
"2021-03_West-Coast_BOSS","96",71.4,74.3968658447266,4.13179969787598,0.316932678222656,0.210372924804688,294834.07779908,6224800.40947349
"2021-03_West-Coast_BOSS","89",72.3,73.3957977294922,5.35762786865234,0.863929748535156,0.113313674926758,294734.562507944,6225131.13338834
"2021-03_West-Coast_BOSS","131",73.4,74.2322769165039,5.74669218063354,0.0994873046875,0.0187482833862305,294540.590641649,6225559.66545863
"2021-03_West-Coast_BOSS","112",64.3,66.5913238525391,5.45769357681274,0.263877868652344,0.00767707824707031,295092.075035026,6225671.53695359
"2021-03_West-Coast_BOSS","101",65.1,66.3350372314453,2.82265138626099,0.509750366210938,-0.283319473266602,295373.72028518,6225455.72896235
"2021-03_West-Coast_BOSS","12",64.1,66.9356994628906,0.561464428901672,0.272758483886719,0.162763595581055,295462.143972782,6225635.18894586
"2021-03_West-Coast_BOSS","54",61.4,63.6259078979492,-1.53936004638672,0.202732086181641,0.0362558364868164,296021.560521922,6225381.00088053
"2021-03_West-Coast_BOSS","94",62.7,63.8853721618652,-0.835379540920258,0.249362945556641,0.0660953521728516,295828.365469789,6225776.28355552
"2021-03_West-Coast_BOSS","4",63.5,64.2036361694336,0.135343596339226,0.362495422363281,-0.01513671875,295637.31923553,6226071.74325606
"2021-03_West-Coast_BOSS","79",63.5,65.5874481201172,1.17945790290833,0.412834167480469,-0.0124244689941406,295455.886964505,6225923.55683135
"2021-03_West-Coast_BOSS","103",69.1,70.3840942382812,6.85510778427124,0.565048217773438,0.24017333984375,294623.201156011,6226005.32024068
"2021-03_West-Coast_BOSS","129",71.8,72.6639404296875,6.20533227920532,0.150192260742188,-0.00994110107421875,294432.111542677,6226300.75744358
"2021-03_West-Coast_BOSS","45",74.4,76.7104034423828,2.61849403381348,0.386947631835938,-0.133196830749512,294334.264261515,6226553.84017193
"2021-03_West-Coast_BOSS","143",63.3,65.7315521240234,7.88681697845459,0.120521545410156,-0.038996696472168,294799.795417441,6226375.34491235
"2021-03_West-Coast_BOSS","113",64.4,65.1640090942383,3.03300714492798,0.256172180175781,0.0654268264770508,295163.147299339,6226649.55703186
"2021-03_West-Coast_BOSS","122",66.4,67.6919860839844,3.38774347305298,0.401947021484375,-0.199808120727539,294881.463688139,6226865.36028685
"2021-03_West-Coast_BOSS","27",54.2,56.9747924804688,-1.42790746688843,0.194938659667969,-0.0579319000244141,295924.641261068,6229861.77712966
"2021-03_West-Coast_BOSS","135",64.6,67.0537109375,2.94092297554016,0.282859802246094,-0.038395881652832,294169.400179634,6229879.14933647
"2021-03_West-Coast_BOSS","74",64.9,66.5482635498047,4.38837909698486,0.669815063476562,0.318333625793457,294076.35610793,6229910.40910218
"2021-03_West-Coast_BOSS","105",79.3,81.9952011108398,0.424311488866806,0.735710144042969,-0.146268844604492,293250.589317553,6229659.33519879
"2021-03_West-Coast_BOSS","63",79.6,81.3347625732422,1.04452002048492,0.299751281738281,0.0171384811401367,293349.219430897,6229372.98864578
"2021-03_West-Coast_BOSS","25",75.4,75.2367630004883,4.90481996536255,0.694290161132812,-0.0145606994628906,293734.474000007,6228649.05509813
"2021-03_West-Coast_BOSS","59",70,73.1939697265625,5.52560758590698,0.50958251953125,-0.11762809753418,293825.326376403,6228717.61890293
"2021-03_West-Coast_BOSS","123",60.4,62.0929756164551,-2.80712413787842,0.354743957519531,-0.137659549713135,295577.714120468,6228822.32212834
"2021-03_West-Coast_BOSS","119",64.8,67.8592987060547,5.36750268936157,0.214485168457031,-0.0254964828491211,294290.246369038,6228572.41695913
"2021-03_West-Coast_BOSS","15",70.3,72.5264739990234,3.85028839111328,0.59307861328125,0.109521865844727,294110.96005773,6228324.38675764
"2021-03_West-Coast_BOSS","85",76.3,77.8101119995117,2.66340351104736,0.883819580078125,-0.246230125427246,293937.25570392,6227821.25761242
"2021-03_West-Coast_BOSS","81",67.3,69.142707824707,2.40959906578064,0.411270141601562,-0.0412063598632812,294681.675967641,6227560.08142667
"2021-03_West-Coast_BOSS","29",74,74.6068572998047,3.37352204322815,1.31771850585938,0.118902206420898,295642.263638123,6221588.93934444
"2021-03_West-Coast_BOSS","61",80.9,80.5962524414062,-0.0848283246159554,0.236358642578125,-0.0410919189453125,295559.422443886,6221154.38228766
"2021-03_West-Coast_BOSS","21",62.5,63.4155311584473,1.21643805503845,0.114509582519531,-0.00148296356201172,296845.882507786,6221404.16318827
"2021-03_West-Coast_BOSS","58",62.1,63.8917770385742,1.30941379070282,0.0544052124023438,-0.0138177871704102,296553.361255252,6222130.19953597
"2021-03_West-Coast_BOSS","87",59.2,60.7117881774902,-3.13321876525879,0.170249938964844,-0.00360202789306641,297577.55275647,6221708.42748972
"2021-03_West-Coast_BOSS","132",54.3,55.3619155883789,-1.59640669822693,0.0997543334960938,0.0387935638427734,297831.163467661,6222790.20562043
"2021-03_West-Coast_BOSS","9",51.7,52.2247085571289,-0.234443232417107,0.19732666015625,-0.00953388214111328,298295.487163829,6222655.91280879
"2021-03_West-Coast_BOSS","111",49.9,51.5611114501953,-0.249235987663269,0.389904022216797,-0.111534595489502,298169.972654718,6224206.67999545
"2021-03_West-Coast_BOSS","142",49.3,50.9305801391602,-0.183823347091675,0.309593200683594,0.0609683990478516,298339.303605475,6224920.45526635
"2021-03_West-Coast_BOSS","66",51,52.2285308837891,-0.825166523456573,0.292461395263672,0.034034252166748,297665.813697445,6226193.16920645
"2021-03_West-Coast_BOSS","34",56.3,57.1006736755371,-2.98688459396362,0.363178253173828,0.0281004905700684,296829.074073326,6226463.67524658
"2021-03_West-Coast_BOSS","19",50.6,52.2712821960449,-0.911185801029205,0.422328948974609,-0.181090354919434,297560.912953055,6226779.01127215
"2021-03_West-Coast_BOSS","75",49.6,51.0619735717773,-0.713848054409027,0.301349639892578,-0.160016536712646,298491.833816478,6226421.68502381
"2021-03_West-Coast_BOSS","51",49.7,51.3061981201172,-0.86830997467041,0.156990051269531,-0.0857558250427246,298277.142945496,6227826.29170323
"2021-03_West-Coast_BOSS","31",50.5,51.2756958007812,0.167293876409531,0.291667938232422,-0.0077052116394043,297515.209028342,6228908.47948222
"2021-03_West-Coast_BOSS","13",49.6,50.6629104614258,0.586358785629272,0.176383972167969,0.00277090072631836,298137.639668483,6230031.41578801
