campaignid,opcode,level_1,caab_code,level_5,level_2,level_3,level_4,level_6,level_7,level_8,family,genus,species,count
2020-06_south-west_stereoBRUVs,01,Physical,82003006,3,Relief,High,High (>3m),NA,NA,NA,NA,NA,NA,23
2020-06_south-west_stereoBRUVs,01,Physical,82003007,4,Relief,High,Wall,NA,NA,NA,NA,NA,NA,3
2020-06_south-west_stereoBRUVs,02,Physical,82003004,2,Relief,Low / moderate,Moderate (1-3m),NA,NA,NA,NA,NA,NA,1
2020-06_south-west_stereoBRUVs,02,Physical,82003006,3,Relief,High,High (>3m),NA,NA,NA,NA,NA,NA,19
2020-06_south-west_stereoBRUVs,03,Physical,82003004,2,Relief,Low / moderate,Moderate (1-3m),NA,NA,NA,NA,NA,NA,1
2020-06_south-west_stereoBRUVs,03,Physical,82003006,3,Relief,High,High (>3m),NA,NA,NA,NA,NA,NA,13
2020-06_south-west_stereoBRUVs,03,Physical,82003007,4,Relief,High,Wall,NA,NA,NA,NA,NA,NA,1
2020-06_south-west_stereoBRUVs,04,Physical,82003001,0,Relief,Flat,NA,NA,NA,NA,NA,NA,NA,8
2020-06_south-west_stereoBRUVs,04,Physical,82003003,1,Relief,Low / moderate,Low (<1m),NA,NA,NA,NA,NA,NA,18
2020-06_south-west_stereoBRUVs,05,Physical,82003004,2,Relief,Low / moderate,Moderate (1-3m),NA,NA,NA,NA,NA,NA,3
2020-06_south-west_stereoBRUVs,05,Physical,82003006,3,Relief,High,High (>3m),NA,NA,NA,NA,NA,NA,18
2020-06_south-west_stereoBRUVs,05,Physical,82003007,4,Relief,High,Wall,NA,NA,NA,NA,NA,NA,2
2020-06_south-west_stereoBRUVs,06,Physical,82003003,1,Relief,Low / moderate,Low (<1m),NA,NA,NA,NA,NA,NA,1
2020-06_south-west_stereoBRUVs,06,Physical,82003004,2,Relief,Low / moderate,Moderate (1-3m),NA,NA,NA,NA,NA,NA,3
2020-06_south-west_stereoBRUVs,06,Physical,82003006,3,Relief,High,High (>3m),NA,NA,NA,NA,NA,NA,19
2020-06_south-west_stereoBRUVs,07,Physical,82003003,1,Relief,Low / moderate,Low (<1m),NA,NA,NA,NA,NA,NA,4
2020-06_south-west_stereoBRUVs,07,Physical,82003004,2,Relief,Low / moderate,Moderate (1-3m),NA,NA,NA,NA,NA,NA,2
2020-06_south-west_stereoBRUVs,07,Physical,82003006,3,Relief,High,High (>3m),NA,NA,NA,NA,NA,NA,19
2020-06_south-west_stereoBRUVs,08,Physical,82003003,1,Relief,Low / moderate,Low (<1m),NA,NA,NA,NA,NA,NA,1
2020-06_south-west_stereoBRUVs,08,Physical,82003006,3,Relief,High,High (>3m),NA,NA,NA,NA,NA,NA,20
2020-06_south-west_stereoBRUVs,08,Physical,82003007,4,Relief,High,Wall,NA,NA,NA,NA,NA,NA,14
2020-06_south-west_stereoBRUVs,08,Physical,82003008,5,Relief,High,Caves,NA,NA,NA,NA,NA,NA,1
2020-06_south-west_stereoBRUVs,09,Physical,82003001,0,Relief,Flat,NA,NA,NA,NA,NA,NA,NA,3
2020-06_south-west_stereoBRUVs,09,Physical,82003003,1,Relief,Low / moderate,Low (<1m),NA,NA,NA,NA,NA,NA,8
2020-06_south-west_stereoBRUVs,09,Physical,82003004,2,Relief,Low / moderate,Moderate (1-3m),NA,NA,NA,NA,NA,NA,2
2020-06_south-west_stereoBRUVs,09,Physical,82003006,3,Relief,High,High (>3m),NA,NA,NA,NA,NA,NA,16
2020-06_south-west_stereoBRUVs,10,Physical,82003004,2,Relief,Low / moderate,Moderate (1-3m),NA,NA,NA,NA,NA,NA,13
2020-06_south-west_stereoBRUVs,10,Physical,82003006,3,Relief,High,High (>3m),NA,NA,NA,NA,NA,NA,11
2020-06_south-west_stereoBRUVs,11,Physical,82003001,0,Relief,Flat,NA,NA,NA,NA,NA,NA,NA,2
2020-06_south-west_stereoBRUVs,11,Physical,82003003,1,Relief,Low / moderate,Low (<1m),NA,NA,NA,NA,NA,NA,11
2020-06_south-west_stereoBRUVs,11,Physical,82003004,2,Relief,Low / moderate,Moderate (1-3m),NA,NA,NA,NA,NA,NA,17
2020-06_south-west_stereoBRUVs,12,Physical,82003004,2,Relief,Low / moderate,Moderate (1-3m),NA,NA,NA,NA,NA,NA,3
2020-06_south-west_stereoBRUVs,12,Physical,82003006,3,Relief,High,High (>3m),NA,NA,NA,NA,NA,NA,11
2020-06_south-west_stereoBRUVs,13,Physical,82003003,1,Relief,Low / moderate,Low (<1m),NA,NA,NA,NA,NA,NA,4
2020-06_south-west_stereoBRUVs,13,Physical,82003004,2,Relief,Low / moderate,Moderate (1-3m),NA,NA,NA,NA,NA,NA,18
2020-06_south-west_stereoBRUVs,13,Physical,82003006,3,Relief,High,High (>3m),NA,NA,NA,NA,NA,NA,10
2020-06_south-west_stereoBRUVs,14,Physical,82003003,1,Relief,Low / moderate,Low (<1m),NA,NA,NA,NA,NA,NA,3
2020-06_south-west_stereoBRUVs,14,Physical,82003006,3,Relief,High,High (>3m),NA,NA,NA,NA,NA,NA,24
2020-06_south-west_stereoBRUVs,15,Physical,82003003,1,Relief,Low / moderate,Low (<1m),NA,NA,NA,NA,NA,NA,6
2020-06_south-west_stereoBRUVs,15,Physical,82003004,2,Relief,Low / moderate,Moderate (1-3m),NA,NA,NA,NA,NA,NA,3
2020-06_south-west_stereoBRUVs,15,Physical,82003006,3,Relief,High,High (>3m),NA,NA,NA,NA,NA,NA,23
2020-06_south-west_stereoBRUVs,15,Physical,82003007,4,Relief,High,Wall,NA,NA,NA,NA,NA,NA,1
2020-06_south-west_stereoBRUVs,16,Physical,82003004,2,Relief,Low / moderate,Moderate (1-3m),NA,NA,NA,NA,NA,NA,7
2020-06_south-west_stereoBRUVs,16,Physical,82003006,3,Relief,High,High (>3m),NA,NA,NA,NA,NA,NA,27
2020-06_south-west_stereoBRUVs,17,Physical,82003003,1,Relief,Low / moderate,Low (<1m),NA,NA,NA,NA,NA,NA,5
2020-06_south-west_stereoBRUVs,17,Physical,82003004,2,Relief,Low / moderate,Moderate (1-3m),NA,NA,NA,NA,NA,NA,12
2020-06_south-west_stereoBRUVs,17,Physical,82003006,3,Relief,High,High (>3m),NA,NA,NA,NA,NA,NA,6
2020-06_south-west_stereoBRUVs,18,Physical,82003006,3,Relief,High,High (>3m),NA,NA,NA,NA,NA,NA,20
2020-06_south-west_stereoBRUVs,19,Physical,82003003,1,Relief,Low / moderate,Low (<1m),NA,NA,NA,NA,NA,NA,8
2020-06_south-west_stereoBRUVs,19,Physical,82003004,2,Relief,Low / moderate,Moderate (1-3m),NA,NA,NA,NA,NA,NA,2
2020-06_south-west_stereoBRUVs,19,Physical,82003006,3,Relief,High,High (>3m),NA,NA,NA,NA,NA,NA,20
2020-06_south-west_stereoBRUVs,19,Physical,82003007,4,Relief,High,Wall,NA,NA,NA,NA,NA,NA,1
2020-06_south-west_stereoBRUVs,20,Physical,82003003,1,Relief,Low / moderate,Low (<1m),NA,NA,NA,NA,NA,NA,3
2020-06_south-west_stereoBRUVs,20,Physical,82003004,2,Relief,Low / moderate,Moderate (1-3m),NA,NA,NA,NA,NA,NA,10
2020-06_south-west_stereoBRUVs,20,Physical,82003006,3,Relief,High,High (>3m),NA,NA,NA,NA,NA,NA,12
2020-06_south-west_stereoBRUVs,21,Physical,82003004,2,Relief,Low / moderate,Moderate (1-3m),NA,NA,NA,NA,NA,NA,18
2020-06_south-west_stereoBRUVs,21,Physical,82003006,3,Relief,High,High (>3m),NA,NA,NA,NA,NA,NA,7
2020-06_south-west_stereoBRUVs,22,Physical,82003003,1,Relief,Low / moderate,Low (<1m),NA,NA,NA,NA,NA,NA,7
2020-06_south-west_stereoBRUVs,22,Physical,82003004,2,Relief,Low / moderate,Moderate (1-3m),NA,NA,NA,NA,NA,NA,7
2020-06_south-west_stereoBRUVs,22,Physical,82003006,3,Relief,High,High (>3m),NA,NA,NA,NA,NA,NA,8
2020-06_south-west_stereoBRUVs,23,Physical,82003004,2,Relief,Low / moderate,Moderate (1-3m),NA,NA,NA,NA,NA,NA,10
2020-06_south-west_stereoBRUVs,23,Physical,82003006,3,Relief,High,High (>3m),NA,NA,NA,NA,NA,NA,13
2020-06_south-west_stereoBRUVs,24,Physical,82003003,1,Relief,Low / moderate,Low (<1m),NA,NA,NA,NA,NA,NA,3
2020-06_south-west_stereoBRUVs,24,Physical,82003004,2,Relief,Low / moderate,Moderate (1-3m),NA,NA,NA,NA,NA,NA,12
2020-06_south-west_stereoBRUVs,24,Physical,82003006,3,Relief,High,High (>3m),NA,NA,NA,NA,NA,NA,5
2020-06_south-west_stereoBRUVs,25,Physical,82003004,2,Relief,Low / moderate,Moderate (1-3m),NA,NA,NA,NA,NA,NA,12
2020-06_south-west_stereoBRUVs,25,Physical,82003006,3,Relief,High,High (>3m),NA,NA,NA,NA,NA,NA,10
2020-06_south-west_stereoBRUVs,26,Physical,82003003,1,Relief,Low / moderate,Low (<1m),NA,NA,NA,NA,NA,NA,5
2020-06_south-west_stereoBRUVs,26,Physical,82003004,2,Relief,Low / moderate,Moderate (1-3m),NA,NA,NA,NA,NA,NA,18
2020-06_south-west_stereoBRUVs,26,Physical,82003006,3,Relief,High,High (>3m),NA,NA,NA,NA,NA,NA,6
2020-06_south-west_stereoBRUVs,27,Physical,82003003,1,Relief,Low / moderate,Low (<1m),NA,NA,NA,NA,NA,NA,5
2020-06_south-west_stereoBRUVs,27,Physical,82003004,2,Relief,Low / moderate,Moderate (1-3m),NA,NA,NA,NA,NA,NA,17
2020-06_south-west_stereoBRUVs,27,Physical,82003006,3,Relief,High,High (>3m),NA,NA,NA,NA,NA,NA,7
2020-06_south-west_stereoBRUVs,28,Physical,82003004,2,Relief,Low / moderate,Moderate (1-3m),NA,NA,NA,NA,NA,NA,22
2020-06_south-west_stereoBRUVs,28,Physical,82003006,3,Relief,High,High (>3m),NA,NA,NA,NA,NA,NA,4
2020-06_south-west_stereoBRUVs,29,Physical,82003003,1,Relief,Low / moderate,Low (<1m),NA,NA,NA,NA,NA,NA,1
2020-06_south-west_stereoBRUVs,29,Physical,82003004,2,Relief,Low / moderate,Moderate (1-3m),NA,NA,NA,NA,NA,NA,11
2020-06_south-west_stereoBRUVs,29,Physical,82003006,3,Relief,High,High (>3m),NA,NA,NA,NA,NA,NA,12
2020-06_south-west_stereoBRUVs,30,Physical,82003004,2,Relief,Low / moderate,Moderate (1-3m),NA,NA,NA,NA,NA,NA,14
2020-06_south-west_stereoBRUVs,30,Physical,82003006,3,Relief,High,High (>3m),NA,NA,NA,NA,NA,NA,8
2020-06_south-west_stereoBRUVs,31,Physical,82003001,0,Relief,Flat,NA,NA,NA,NA,NA,NA,NA,3
2020-06_south-west_stereoBRUVs,31,Physical,82003003,1,Relief,Low / moderate,Low (<1m),NA,NA,NA,NA,NA,NA,6
2020-06_south-west_stereoBRUVs,31,Physical,82003004,2,Relief,Low / moderate,Moderate (1-3m),NA,NA,NA,NA,NA,NA,12
2020-06_south-west_stereoBRUVs,31,Physical,82003006,3,Relief,High,High (>3m),NA,NA,NA,NA,NA,NA,6
2020-06_south-west_stereoBRUVs,32,Physical,82003001,0,Relief,Flat,NA,NA,NA,NA,NA,NA,NA,1
2020-06_south-west_stereoBRUVs,32,Physical,82003003,1,Relief,Low / moderate,Low (<1m),NA,NA,NA,NA,NA,NA,2
2020-06_south-west_stereoBRUVs,32,Physical,82003004,2,Relief,Low / moderate,Moderate (1-3m),NA,NA,NA,NA,NA,NA,8
2020-06_south-west_stereoBRUVs,32,Physical,82003006,3,Relief,High,High (>3m),NA,NA,NA,NA,NA,NA,13
2020-06_south-west_stereoBRUVs,33,Physical,82003001,0,Relief,Flat,NA,NA,NA,NA,NA,NA,NA,6
2020-06_south-west_stereoBRUVs,33,Physical,82003003,1,Relief,Low / moderate,Low (<1m),NA,NA,NA,NA,NA,NA,3
2020-06_south-west_stereoBRUVs,33,Physical,82003004,2,Relief,Low / moderate,Moderate (1-3m),NA,NA,NA,NA,NA,NA,9
2020-06_south-west_stereoBRUVs,33,Physical,82003006,3,Relief,High,High (>3m),NA,NA,NA,NA,NA,NA,7
2020-06_south-west_stereoBRUVs,34,Physical,82003003,1,Relief,Low / moderate,Low (<1m),NA,NA,NA,NA,NA,NA,9
2020-06_south-west_stereoBRUVs,34,Physical,82003004,2,Relief,Low / moderate,Moderate (1-3m),NA,NA,NA,NA,NA,NA,13
2020-06_south-west_stereoBRUVs,34,Physical,82003006,3,Relief,High,High (>3m),NA,NA,NA,NA,NA,NA,3
2020-06_south-west_stereoBRUVs,35,Physical,82003003,1,Relief,Low / moderate,Low (<1m),NA,NA,NA,NA,NA,NA,2
2020-06_south-west_stereoBRUVs,35,Physical,82003004,2,Relief,Low / moderate,Moderate (1-3m),NA,NA,NA,NA,NA,NA,11
2020-06_south-west_stereoBRUVs,35,Physical,82003006,3,Relief,High,High (>3m),NA,NA,NA,NA,NA,NA,14
2020-06_south-west_stereoBRUVs,36,Physical,82003001,0,Relief,Flat,NA,NA,NA,NA,NA,NA,NA,8
2020-06_south-west_stereoBRUVs,36,Physical,82003003,1,Relief,Low / moderate,Low (<1m),NA,NA,NA,NA,NA,NA,15
2020-06_south-west_stereoBRUVs,36,Physical,82003004,2,Relief,Low / moderate,Moderate (1-3m),NA,NA,NA,NA,NA,NA,1
2020-06_south-west_stereoBRUVs,36,Physical,82003007,4,Relief,High,Wall,NA,NA,NA,NA,NA,NA,1
2020-06_south-west_stereoBRUVs,37,Physical,82003003,1,Relief,Low / moderate,Low (<1m),NA,NA,NA,NA,NA,NA,4
2020-06_south-west_stereoBRUVs,37,Physical,82003004,2,Relief,Low / moderate,Moderate (1-3m),NA,NA,NA,NA,NA,NA,12
2020-06_south-west_stereoBRUVs,37,Physical,82003006,3,Relief,High,High (>3m),NA,NA,NA,NA,NA,NA,7
2020-06_south-west_stereoBRUVs,38,Physical,82003001,0,Relief,Flat,NA,NA,NA,NA,NA,NA,NA,1
2020-06_south-west_stereoBRUVs,38,Physical,82003003,1,Relief,Low / moderate,Low (<1m),NA,NA,NA,NA,NA,NA,6
2020-06_south-west_stereoBRUVs,38,Physical,82003004,2,Relief,Low / moderate,Moderate (1-3m),NA,NA,NA,NA,NA,NA,6
2020-06_south-west_stereoBRUVs,38,Physical,82003006,3,Relief,High,High (>3m),NA,NA,NA,NA,NA,NA,6
2020-06_south-west_stereoBRUVs,39,Physical,82003003,1,Relief,Low / moderate,Low (<1m),NA,NA,NA,NA,NA,NA,6
2020-06_south-west_stereoBRUVs,39,Physical,82003004,2,Relief,Low / moderate,Moderate (1-3m),NA,NA,NA,NA,NA,NA,10
2020-06_south-west_stereoBRUVs,39,Physical,82003006,3,Relief,High,High (>3m),NA,NA,NA,NA,NA,NA,9
2020-06_south-west_stereoBRUVs,40,Physical,82003004,2,Relief,Low / moderate,Moderate (1-3m),NA,NA,NA,NA,NA,NA,15
2020-06_south-west_stereoBRUVs,40,Physical,82003006,3,Relief,High,High (>3m),NA,NA,NA,NA,NA,NA,13
