campaignid,opcode,level_1,level_2,level_3,level_4,level_5,level_6,level_7,level_8,family,genus,species,caab_code,count
2021-05_PtCloates_stereo-BRUVs,1,Biota,Cnidaria,Corals,Black & Octocorals,Branching (3D),NA,NA,NA,NA,NA,NA,11168902,1
2021-05_PtCloates_stereo-BRUVs,1,Biota,Sessile invertebrates,NA,NA,NA,NA,NA,NA,NA,NA,NA,99900044,5
2021-05_PtCloates_stereo-BRUVs,1,Biota,Sponges,Erect forms,NA,NA,NA,NA,NA,NA,NA,NA,10000912,1
2021-05_PtCloates_stereo-BRUVs,1,Biota,Sponges,Massive forms,NA,NA,NA,NA,NA,NA,NA,NA,10000903,10
2021-05_PtCloates_stereo-BRUVs,1,Physical,Substrate,Unconsolidated (soft),Sand / mud (<2mm),Fine sand (no shell fragments),NA,NA,NA,NA,NA,NA,82001015,13
2021-05_PtCloates_stereo-BRUVs,10,Physical,Substrate,Unconsolidated (soft),Sand / mud (<2mm),Fine sand (no shell fragments),NA,NA,NA,NA,NA,NA,82001015,34
2021-05_PtCloates_stereo-BRUVs,11,Biota,Bryozoa,NA,NA,NA,NA,NA,NA,NA,NA,NA,20000000,1
2021-05_PtCloates_stereo-BRUVs,11,Biota,Cnidaria,Corals,Black & Octocorals,Branching (3D),NA,NA,NA,NA,NA,NA,11168902,1
2021-05_PtCloates_stereo-BRUVs,11,Biota,Cnidaria,Corals,Black & Octocorals,Whip,NA,NA,NA,NA,NA,NA,11168917,1
2021-05_PtCloates_stereo-BRUVs,11,Biota,Cnidaria,Hydroids,NA,NA,NA,NA,NA,NA,NA,NA,11001000,1
2021-05_PtCloates_stereo-BRUVs,11,Biota,Sessile invertebrates,NA,NA,NA,NA,NA,NA,NA,NA,NA,99900044,8
2021-05_PtCloates_stereo-BRUVs,11,Biota,Sponges,Erect forms,NA,NA,NA,NA,NA,NA,NA,NA,10000912,2
2021-05_PtCloates_stereo-BRUVs,11,Biota,Sponges,Massive forms,NA,NA,NA,NA,NA,NA,NA,NA,10000903,1
2021-05_PtCloates_stereo-BRUVs,11,Physical,Substrate,Unconsolidated (soft),Sand / mud (<2mm),Fine sand (no shell fragments),NA,NA,NA,NA,NA,NA,82001015,11
2021-05_PtCloates_stereo-BRUVs,12,Biota,Cnidaria,Corals,Black & Octocorals,Whip,NA,NA,NA,NA,NA,NA,11168917,1
2021-05_PtCloates_stereo-BRUVs,12,Biota,Cnidaria,Hydroids,NA,NA,NA,NA,NA,NA,NA,NA,11001000,3
2021-05_PtCloates_stereo-BRUVs,12,Biota,Sessile invertebrates,NA,NA,NA,NA,NA,NA,NA,NA,NA,99900044,3
2021-05_PtCloates_stereo-BRUVs,12,Biota,Sponges,Massive forms,NA,NA,NA,NA,NA,NA,NA,NA,10000903,4
2021-05_PtCloates_stereo-BRUVs,12,Physical,Substrate,Unconsolidated (soft),Sand / mud (<2mm),Fine sand (no shell fragments),NA,NA,NA,NA,NA,NA,82001015,17
2021-05_PtCloates_stereo-BRUVs,13,Biota,Bryozoa,NA,NA,NA,NA,NA,NA,NA,NA,NA,20000000,3
2021-05_PtCloates_stereo-BRUVs,13,Biota,Cnidaria,Corals,Black & Octocorals,Branching (3D),NA,NA,NA,NA,NA,NA,11168902,6
2021-05_PtCloates_stereo-BRUVs,13,Biota,Cnidaria,Hydroids,NA,NA,NA,NA,NA,NA,NA,NA,11001000,1
2021-05_PtCloates_stereo-BRUVs,13,Biota,Sessile invertebrates,NA,NA,NA,NA,NA,NA,NA,NA,NA,99900044,6
2021-05_PtCloates_stereo-BRUVs,13,Biota,Sponges,Erect forms,NA,NA,NA,NA,NA,NA,NA,NA,10000912,1
2021-05_PtCloates_stereo-BRUVs,13,Biota,Sponges,Massive forms,NA,NA,NA,NA,NA,NA,NA,NA,10000903,3
2021-05_PtCloates_stereo-BRUVs,13,Physical,Substrate,Unconsolidated (soft),Sand / mud (<2mm),Fine sand (no shell fragments),NA,NA,NA,NA,NA,NA,82001015,12
2021-05_PtCloates_stereo-BRUVs,14,Biota,Cnidaria,Corals,Black & Octocorals,Branching (3D),NA,NA,NA,NA,NA,NA,11168902,1
2021-05_PtCloates_stereo-BRUVs,14,Physical,Substrate,Unconsolidated (soft),Sand / mud (<2mm),Fine sand (no shell fragments),NA,NA,NA,NA,NA,NA,82001015,29
2021-05_PtCloates_stereo-BRUVs,15,Biota,Cnidaria,Corals,Black & Octocorals,Branching (3D),NA,NA,NA,NA,NA,NA,11168902,2
2021-05_PtCloates_stereo-BRUVs,15,Biota,Sessile invertebrates,NA,NA,NA,NA,NA,NA,NA,NA,NA,99900044,3
2021-05_PtCloates_stereo-BRUVs,15,Biota,Sponges,Erect forms,NA,NA,NA,NA,NA,NA,NA,NA,10000912,1
2021-05_PtCloates_stereo-BRUVs,15,Biota,Sponges,Massive forms,NA,NA,NA,NA,NA,NA,NA,NA,10000903,4
2021-05_PtCloates_stereo-BRUVs,15,Biota,Sponges,NA,NA,NA,NA,NA,NA,NA,NA,NA,10000000,1
2021-05_PtCloates_stereo-BRUVs,15,Physical,Substrate,Unconsolidated (soft),Sand / mud (<2mm),Fine sand (no shell fragments),NA,NA,NA,NA,NA,NA,82001015,17
2021-05_PtCloates_stereo-BRUVs,16,Biota,Cnidaria,Corals,Black & Octocorals,Branching (3D),NA,NA,NA,NA,NA,NA,11168902,2
2021-05_PtCloates_stereo-BRUVs,16,Biota,Cnidaria,Hydroids,NA,NA,NA,NA,NA,NA,NA,NA,11001000,2
2021-05_PtCloates_stereo-BRUVs,16,Biota,Sessile invertebrates,NA,NA,NA,NA,NA,NA,NA,NA,NA,99900044,4
2021-05_PtCloates_stereo-BRUVs,16,Biota,Sponges,Massive forms,NA,NA,NA,NA,NA,NA,NA,NA,10000903,3
2021-05_PtCloates_stereo-BRUVs,16,Physical,Substrate,Unconsolidated (soft),Pebble / gravel,Gravel (2-10mm),NA,NA,NA,NA,NA,NA,82001011,5
2021-05_PtCloates_stereo-BRUVs,16,Physical,Substrate,Unconsolidated (soft),Sand / mud (<2mm),Fine sand (no shell fragments),NA,NA,NA,NA,NA,NA,82001015,19
2021-05_PtCloates_stereo-BRUVs,17,Biota,Cnidaria,Corals,Black & Octocorals,Branching (3D),NA,NA,NA,NA,NA,NA,11168902,2
2021-05_PtCloates_stereo-BRUVs,17,Biota,Cnidaria,Hydroids,NA,NA,NA,NA,NA,NA,NA,NA,11001000,1
2021-05_PtCloates_stereo-BRUVs,17,Biota,Sessile invertebrates,NA,NA,NA,NA,NA,NA,NA,NA,NA,99900044,5
2021-05_PtCloates_stereo-BRUVs,17,Biota,Sponges,Erect forms,NA,NA,NA,NA,NA,NA,NA,NA,10000912,1
2021-05_PtCloates_stereo-BRUVs,17,Biota,Sponges,Massive forms,NA,NA,NA,NA,NA,NA,NA,NA,10000903,3
2021-05_PtCloates_stereo-BRUVs,17,Biota,Sponges,NA,NA,NA,NA,NA,NA,NA,NA,NA,10000000,1
2021-05_PtCloates_stereo-BRUVs,17,Physical,Substrate,Unconsolidated (soft),Sand / mud (<2mm),Fine sand (no shell fragments),NA,NA,NA,NA,NA,NA,82001015,8
2021-05_PtCloates_stereo-BRUVs,18,Physical,Substrate,Unconsolidated (soft),Sand / mud (<2mm),Fine sand (no shell fragments),NA,NA,NA,NA,NA,NA,82001015,31
2021-05_PtCloates_stereo-BRUVs,19,Physical,Substrate,Unconsolidated (soft),Sand / mud (<2mm),Fine sand (no shell fragments),NA,NA,NA,NA,NA,NA,82001015,29
2021-05_PtCloates_stereo-BRUVs,2,Biota,Cnidaria,Corals,Black & Octocorals,Branching (3D),NA,NA,NA,NA,NA,NA,11168902,1
2021-05_PtCloates_stereo-BRUVs,2,Biota,Cnidaria,Corals,Black & Octocorals,Fan (2D),NA,NA,NA,NA,NA,NA,11168912,3
2021-05_PtCloates_stereo-BRUVs,2,Biota,Cnidaria,Corals,Black & Octocorals,Whip,NA,NA,NA,NA,NA,NA,11168917,2
2021-05_PtCloates_stereo-BRUVs,2,Biota,Cnidaria,Hydroids,NA,NA,NA,NA,NA,NA,NA,NA,11001000,3
2021-05_PtCloates_stereo-BRUVs,2,Biota,Sessile invertebrates,NA,NA,NA,NA,NA,NA,NA,NA,NA,99900044,1
2021-05_PtCloates_stereo-BRUVs,2,Physical,Substrate,Unconsolidated (soft),Sand / mud (<2mm),Fine sand (no shell fragments),NA,NA,NA,NA,NA,NA,82001015,15
2021-05_PtCloates_stereo-BRUVs,21,Biota,Cnidaria,Corals,Black & Octocorals,Branching (3D),NA,NA,NA,NA,NA,NA,11168902,2
2021-05_PtCloates_stereo-BRUVs,21,Biota,Cnidaria,Corals,Black & Octocorals,Fan (2D),NA,NA,NA,NA,NA,NA,11168912,3
2021-05_PtCloates_stereo-BRUVs,21,Biota,Cnidaria,Corals,Black & Octocorals,Whip,NA,NA,NA,NA,NA,NA,11168917,1
2021-05_PtCloates_stereo-BRUVs,21,Biota,Sessile invertebrates,NA,NA,NA,NA,NA,NA,NA,NA,NA,99900044,4
2021-05_PtCloates_stereo-BRUVs,21,Biota,Sponges,NA,NA,NA,NA,NA,NA,NA,NA,NA,10000000,3
2021-05_PtCloates_stereo-BRUVs,21,Physical,Substrate,Unconsolidated (soft),Sand / mud (<2mm),Fine sand (no shell fragments),NA,NA,NA,NA,NA,NA,82001015,9
2021-05_PtCloates_stereo-BRUVs,22,Biota,Cnidaria,Corals,Black & Octocorals,Branching (3D),NA,NA,NA,NA,NA,NA,11168902,1
2021-05_PtCloates_stereo-BRUVs,22,Biota,Sessile invertebrates,NA,NA,NA,NA,NA,NA,NA,NA,NA,99900044,6
2021-05_PtCloates_stereo-BRUVs,22,Biota,Sponges,Massive forms,NA,NA,NA,NA,NA,NA,NA,NA,10000903,4
2021-05_PtCloates_stereo-BRUVs,22,Physical,Substrate,Unconsolidated (soft),Sand / mud (<2mm),Fine sand (no shell fragments),NA,NA,NA,NA,NA,NA,82001015,17
2021-05_PtCloates_stereo-BRUVs,23,Physical,Substrate,Unconsolidated (soft),Pebble / gravel,Gravel (2-10mm),NA,NA,NA,NA,NA,NA,82001011,1
2021-05_PtCloates_stereo-BRUVs,23,Physical,Substrate,Unconsolidated (soft),Sand / mud (<2mm),Fine sand (no shell fragments),NA,NA,NA,NA,NA,NA,82001015,26
2021-05_PtCloates_stereo-BRUVs,25,Biota,Cnidaria,Corals,Black & Octocorals,Branching (3D),NA,NA,NA,NA,NA,NA,11168902,1
2021-05_PtCloates_stereo-BRUVs,25,Biota,Cnidaria,Hydroids,NA,NA,NA,NA,NA,NA,NA,NA,11001000,2
2021-05_PtCloates_stereo-BRUVs,25,Biota,Sessile invertebrates,NA,NA,NA,NA,NA,NA,NA,NA,NA,99900044,1
2021-05_PtCloates_stereo-BRUVs,25,Biota,Sponges,Erect forms,NA,NA,NA,NA,NA,NA,NA,NA,10000912,1
2021-05_PtCloates_stereo-BRUVs,25,Biota,Sponges,Massive forms,NA,NA,NA,NA,NA,NA,NA,NA,10000903,1
2021-05_PtCloates_stereo-BRUVs,25,Physical,Substrate,Unconsolidated (soft),Sand / mud (<2mm),Fine sand (no shell fragments),NA,NA,NA,NA,NA,NA,82001015,24
2021-05_PtCloates_stereo-BRUVs,26,Physical,Substrate,Unconsolidated (soft),Pebble / gravel,Gravel (2-10mm),NA,NA,NA,NA,NA,NA,82001011,1
2021-05_PtCloates_stereo-BRUVs,26,Physical,Substrate,Unconsolidated (soft),Sand / mud (<2mm),Fine sand (no shell fragments),NA,NA,NA,NA,NA,NA,82001015,9
2021-05_PtCloates_stereo-BRUVs,27,Biota,Cnidaria,Corals,Black & Octocorals,Branching (3D),NA,NA,NA,NA,NA,NA,11168902,6
2021-05_PtCloates_stereo-BRUVs,27,Biota,Cnidaria,Corals,Black & Octocorals,Fan (2D),NA,NA,NA,NA,NA,NA,11168912,5
2021-05_PtCloates_stereo-BRUVs,27,Biota,Cnidaria,Corals,Black & Octocorals,Whip,NA,NA,NA,NA,NA,NA,11168917,1
2021-05_PtCloates_stereo-BRUVs,27,Biota,Cnidaria,Hydroids,NA,NA,NA,NA,NA,NA,NA,NA,11001000,1
2021-05_PtCloates_stereo-BRUVs,27,Biota,Sessile invertebrates,NA,NA,NA,NA,NA,NA,NA,NA,NA,99900044,4
2021-05_PtCloates_stereo-BRUVs,27,Biota,Sponges,NA,NA,NA,NA,NA,NA,NA,NA,NA,10000000,2
2021-05_PtCloates_stereo-BRUVs,27,Physical,Substrate,Unconsolidated (soft),Sand / mud (<2mm),Fine sand (no shell fragments),NA,NA,NA,NA,NA,NA,82001015,9
2021-05_PtCloates_stereo-BRUVs,3,Biota,Cnidaria,Corals,Black & Octocorals,Branching (3D),NA,NA,NA,NA,NA,NA,11168902,2
2021-05_PtCloates_stereo-BRUVs,3,Biota,Cnidaria,Corals,Black & Octocorals,Fan (2D),NA,NA,NA,NA,NA,NA,11168912,3
2021-05_PtCloates_stereo-BRUVs,3,Biota,Sessile invertebrates,NA,NA,NA,NA,NA,NA,NA,NA,NA,99900044,6
2021-05_PtCloates_stereo-BRUVs,3,Biota,Sponges,Erect forms,NA,NA,NA,NA,NA,NA,NA,NA,10000912,3
2021-05_PtCloates_stereo-BRUVs,3,Biota,Sponges,Massive forms,NA,NA,NA,NA,NA,NA,NA,NA,10000903,3
2021-05_PtCloates_stereo-BRUVs,3,Physical,Substrate,Unconsolidated (soft),Sand / mud (<2mm),Fine sand (no shell fragments),NA,NA,NA,NA,NA,NA,82001015,6
2021-05_PtCloates_stereo-BRUVs,4,Biota,Cnidaria,Corals,Black & Octocorals,Branching (3D),NA,NA,NA,NA,NA,NA,11168902,4
2021-05_PtCloates_stereo-BRUVs,4,Biota,Cnidaria,Corals,Black & Octocorals,Fan (2D),NA,NA,NA,NA,NA,NA,11168912,4
2021-05_PtCloates_stereo-BRUVs,4,Biota,Cnidaria,Corals,Black & Octocorals,Whip,NA,NA,NA,NA,NA,NA,11168917,2
2021-05_PtCloates_stereo-BRUVs,4,Biota,Cnidaria,Hydroids,NA,NA,NA,NA,NA,NA,NA,NA,11001000,1
2021-05_PtCloates_stereo-BRUVs,4,Biota,Sessile invertebrates,NA,NA,NA,NA,NA,NA,NA,NA,NA,99900044,3
2021-05_PtCloates_stereo-BRUVs,4,Biota,Sponges,Massive forms,NA,NA,NA,NA,NA,NA,NA,NA,10000903,3
2021-05_PtCloates_stereo-BRUVs,4,Physical,Substrate,Unconsolidated (soft),Sand / mud (<2mm),Fine sand (no shell fragments),NA,NA,NA,NA,NA,NA,82001015,8
2021-05_PtCloates_stereo-BRUVs,5,Physical,Substrate,Unconsolidated (soft),Pebble / gravel,Gravel (2-10mm),NA,NA,NA,NA,NA,NA,82001011,1
2021-05_PtCloates_stereo-BRUVs,5,Physical,Substrate,Unconsolidated (soft),Sand / mud (<2mm),Fine sand (no shell fragments),NA,NA,NA,NA,NA,NA,82001015,28
2021-05_PtCloates_stereo-BRUVs,6,Biota,Cnidaria,Corals,Black & Octocorals,Branching (3D),NA,NA,NA,NA,NA,NA,11168902,2
2021-05_PtCloates_stereo-BRUVs,6,Physical,Substrate,Unconsolidated (soft),Pebble / gravel,Gravel (2-10mm),NA,NA,NA,NA,NA,NA,82001011,2
2021-05_PtCloates_stereo-BRUVs,6,Physical,Substrate,Unconsolidated (soft),Sand / mud (<2mm),Fine sand (no shell fragments),NA,NA,NA,NA,NA,NA,82001015,25
2021-05_PtCloates_stereo-BRUVs,7,Biota,Sessile invertebrates,NA,NA,NA,NA,NA,NA,NA,NA,NA,99900044,3
2021-05_PtCloates_stereo-BRUVs,7,Physical,Substrate,Unconsolidated (soft),Sand / mud (<2mm),Fine sand (no shell fragments),NA,NA,NA,NA,NA,NA,82001015,32
2021-05_PtCloates_stereo-BRUVs,8,Biota,Cnidaria,Hydroids,NA,NA,NA,NA,NA,NA,NA,NA,11001000,2
2021-05_PtCloates_stereo-BRUVs,8,Physical,Substrate,Unconsolidated (soft),Sand / mud (<2mm),Fine sand (no shell fragments),NA,NA,NA,NA,NA,NA,82001015,29
2021-05_PtCloates_stereo-BRUVs,9,Physical,Substrate,Unconsolidated (soft),Sand / mud (<2mm),Fine sand (no shell fragments),NA,NA,NA,NA,NA,NA,82001015,27
